"","Volcano Name","rock_type","SOURCE","Year","CITATION","SAMPLE NAME","UNIQUE_ID","LOCATION","LOCATION COMMENT","LATITUDE (MIN.)","LONGITUDE (MIN.)","LATITUDE (MAX.)","LONGITUDE (MAX.)","LAND/SEA (SAMPLING)","ROCK TYPE","ROCK NAME","GEOLOGICAL AGE","TYPE OF MATERIAL","SIO2(WT%)","TIO2(WT%)","AL2O3(WT%)","CAO(WT%)","MGO(WT%)","MNO(WT%)","K2O(WT%)","NA2O(WT%)","P2O5(WT%)","LOI(WT%)","ERUPTION YEAR","sum_fe","Sum Oxides","CITATION_ID","References","lat","lon","dist_m","Start Year","End Year","Eruption date"
"1","Crater Lake","rhyolitic","rhyodacit",2013,"[17450] ANKNEY M. E.(2013)  [GeoReM [7644] ]","samp. 81C-631",NA,"CASCADES / HIGH CASCADES / OREGON / MOUNT MAZAMA","CRATER LAKE",42.98,-122.3983,42.98,-122.3983,"SUBAERIAL","VOLCANIC ROCK","RHYODACITE",NA,"WHOLE ROCK",70.3929607039296,0.47995200479952,15.3984601539846,2.35976402359764,0.81991800819918,0.04999500049995,2.64973502649735,5.01949805019498,0.10998900109989,2.72,NA,2.63156084391561,99.9118328167183,17450,"[17450] ANKNEY M. E., JOHNSON CLARK M., BACON C. R., BEARD B. L., JICHA B. R.:   DISTINGUISHING LOWER AND UPPER CRUSTAL PROCESSES IN MAGMAS ERUPTED DURING THE BUILDUP TO THE 7.7 KA CLIMACTIC ERUPTION OF MOUNT MAZAMA, CRATER LAKE, OREGON, USING 238U-230TH DISEQUILIBRIA |  CONTRIB. MINERAL. PETROL. 166    [2013]  563-585  | GeoReM-id: 7644 | doi: 10.1007/s00410-013-0891-4",NA,NA,NA,-5680,NA,"5750 BCE"
"2","Crater Lake","rhyolitic","rhyodacit",2013,"[17450] ANKNEY M. E.(2013)  [GeoReM [7644] ]","samp. 79C-154",NA,"CASCADES / HIGH CASCADES / OREGON / MOUNT MAZAMA","CRATER LAKE, PUMICE FALL",42.9778,-122.1262,42.9778,-122.1262,"SUBAERIAL","VOLCANIC ROCK","RHYODACITE",NA,"WHOLE ROCK",70.7161009713419,0.472110333189356,15.0673510592348,2.310327162416,0.793547155786365,0.0502245035307826,2.56446315028176,5.29366267214448,0.110493907767722,2.4,NA,2.53717316404327,99.9154540797364,17450,"[17450] ANKNEY M. E., JOHNSON CLARK M., BACON C. R., BEARD B. L., JICHA B. R.:   DISTINGUISHING LOWER AND UPPER CRUSTAL PROCESSES IN MAGMAS ERUPTED DURING THE BUILDUP TO THE 7.7 KA CLIMACTIC ERUPTION OF MOUNT MAZAMA, CRATER LAKE, OREGON, USING 238U-230TH DISEQUILIBRIA |  CONTRIB. MINERAL. PETROL. 166    [2013]  563-585  | GeoReM-id: 7644 | doi: 10.1007/s00410-013-0891-4",NA,NA,NA,-5680,NA,"5750 BCE"
"3","Rinjani","andesitic","trachyandesit",2022,"[26169] VOIGT A. (2022)","samp. P3-PF2",NA,"SUNDA ARC / SUNDA ARC / LOMBOK / RINDJANI/RINJANI",NA,-8.43,116.26,-8.43,116.26,"SUBAERIAL","VOLCANIC ROCK","TRACHYANDESITE","HOLOCENE","WHOLE ROCK",64.61,0.62,16.98,3.61,1.3,0.14,3.62,4.44,0.19,2.72,1257,4.00411,99.51411,26169,"[26169] VOIGT A., CASSIDY M., CASTRO J. M., PYLE D. M., MATHER T. A., HELO C., ABDURRACHMAN M., KURNIAWAN I. A.:   EXPERIMENTAL INVESTIGATION OF TRACHYDACITE MAGMA STORAGE PRIOR TO THE 1257 ERUPTION OF MT SAMALAS |  J. PETROL. 63 (EGAC066)   [2022]   | doi: 10.1093/petrology/egac066",NA,NA,NA,1257,NA,"1257"
"4","Rinjani","dacitic","dacit",2022,"[26169] VOIGT A. (2022)","samp. P1-PF",NA,"SUNDA ARC / SUNDA ARC / LOMBOK / RINDJANI/RINJANI",NA,-8.43,116.26,-8.43,116.26,"SUBAERIAL","VOLCANIC ROCK","TRACHYDACITE","HOLOCENE","WHOLE ROCK",65.26,0.61,16.74,3.29,1.2,0.17,3.75,4.38,0.19,NA,1257,3.941124,99.531124,26169,"[26169] VOIGT A., CASSIDY M., CASTRO J. M., PYLE D. M., MATHER T. A., HELO C., ABDURRACHMAN M., KURNIAWAN I. A.:   EXPERIMENTAL INVESTIGATION OF TRACHYDACITE MAGMA STORAGE PRIOR TO THE 1257 ERUPTION OF MT SAMALAS |  J. PETROL. 63 (EGAC066)   [2022]   | doi: 10.1093/petrology/egac066",NA,NA,NA,1257,NA,"1257"
"5","Rinjani","dacitic","dacit",2022,"[26169] VOIGT A. (2022)","samp. P2-PF",NA,"SUNDA ARC / SUNDA ARC / LOMBOK / RINDJANI/RINJANI",NA,-8.43,116.26,-8.43,116.26,"SUBAERIAL","VOLCANIC ROCK","TRACHYDACITE","HOLOCENE","WHOLE ROCK",64.52,0.64,16.87,3.55,1.34,0.15,3.6,4.36,0.2,NA,1257,4.27405,99.50405,26169,"[26169] VOIGT A., CASSIDY M., CASTRO J. M., PYLE D. M., MATHER T. A., HELO C., ABDURRACHMAN M., KURNIAWAN I. A.:   EXPERIMENTAL INVESTIGATION OF TRACHYDACITE MAGMA STORAGE PRIOR TO THE 1257 ERUPTION OF MT SAMALAS |  J. PETROL. 63 (EGAC066)   [2022]   | doi: 10.1093/petrology/egac066",NA,NA,NA,1257,NA,"1257"
"6","Rinjani","dacitic","dacit",2022,"[26169] VOIGT A. (2022)","samp. P3-PF",NA,"SUNDA ARC / SUNDA ARC / LOMBOK / RINDJANI/RINJANI",NA,-8.43,116.26,-8.43,116.26,"SUBAERIAL","VOLCANIC ROCK","TRACHYDACITE","HOLOCENE","WHOLE ROCK",61.33,0.72,18.18,5.22,1.87,0.15,2.91,4.18,0.2,NA,1257,4.705954,99.465954,26169,"[26169] VOIGT A., CASSIDY M., CASTRO J. M., PYLE D. M., MATHER T. A., HELO C., ABDURRACHMAN M., KURNIAWAN I. A.:   EXPERIMENTAL INVESTIGATION OF TRACHYDACITE MAGMA STORAGE PRIOR TO THE 1257 ERUPTION OF MT SAMALAS |  J. PETROL. 63 (EGAC066)   [2022]   | doi: 10.1093/petrology/egac066",NA,NA,NA,1257,NA,"1257"
"7","Rinjani","dacitic","dacit",2022,"[26169] VOIGT A. (2022)","samp. P4-P IN PDC",NA,"SUNDA ARC / SUNDA ARC / LOMBOK / RINDJANI/RINJANI",NA,-8.43,116.26,-8.43,116.26,"SUBAERIAL","VOLCANIC ROCK","TRACHYDACITE","HOLOCENE","WHOLE ROCK",63.34,0.64,17.07,4.04,1.42,0.14,3.48,4.7,0.2,NA,1257,4.193068,99.223068,26169,"[26169] VOIGT A., CASSIDY M., CASTRO J. M., PYLE D. M., MATHER T. A., HELO C., ABDURRACHMAN M., KURNIAWAN I. A.:   EXPERIMENTAL INVESTIGATION OF TRACHYDACITE MAGMA STORAGE PRIOR TO THE 1257 ERUPTION OF MT SAMALAS |  J. PETROL. 63 (EGAC066)   [2022]   | doi: 10.1093/petrology/egac066",NA,NA,NA,1257,NA,"1257"
"8","Rinjani","dacitic","dacit",2022,"[26169] VOIGT A. (2022)","samp. P4-(MIDDLE) PDC",NA,"SUNDA ARC / SUNDA ARC / LOMBOK / RINDJANI/RINJANI",NA,-8.43,116.26,-8.43,116.26,"SUBAERIAL","VOLCANIC ROCK","TRACHYDACITE","HOLOCENE","WHOLE ROCK",63.38,0.68,17.46,3.92,1.55,0.14,3.31,4.05,0.21,NA,1257,4.759942,99.459942,26169,"[26169] VOIGT A., CASSIDY M., CASTRO J. M., PYLE D. M., MATHER T. A., HELO C., ABDURRACHMAN M., KURNIAWAN I. A.:   EXPERIMENTAL INVESTIGATION OF TRACHYDACITE MAGMA STORAGE PRIOR TO THE 1257 ERUPTION OF MT SAMALAS |  J. PETROL. 63 (EGAC066)   [2022]   | doi: 10.1093/petrology/egac066",NA,NA,NA,1257,NA,"1257"
"9","Rinjani","dacitic","dacit",2022,"[26169] VOIGT A. (2022)","samp. P4-PF BAND IN PDC",NA,"SUNDA ARC / SUNDA ARC / LOMBOK / RINDJANI/RINJANI",NA,-8.43,116.26,-8.43,116.26,"SUBAERIAL","VOLCANIC ROCK","TRACHYDACITE","HOLOCENE","WHOLE ROCK",64.34,0.65,17.06,3.72,1.36,0.14,3.55,4.33,0.2,NA,1257,4.166074,99.516074,26169,"[26169] VOIGT A., CASSIDY M., CASTRO J. M., PYLE D. M., MATHER T. A., HELO C., ABDURRACHMAN M., KURNIAWAN I. A.:   EXPERIMENTAL INVESTIGATION OF TRACHYDACITE MAGMA STORAGE PRIOR TO THE 1257 ERUPTION OF MT SAMALAS |  J. PETROL. 63 (EGAC066)   [2022]   | doi: 10.1093/petrology/egac066",NA,NA,NA,1257,NA,"1257"
"10","Rinjani","dacitic","dacit",2022,"[26169] VOIGT A. (2022)","samp. P4-(TOP) PDC",NA,"SUNDA ARC / SUNDA ARC / LOMBOK / RINDJANI/RINJANI",NA,-8.43,116.26,-8.43,116.26,"SUBAERIAL","VOLCANIC ROCK","TRACHYDACITE","HOLOCENE","WHOLE ROCK",64.36,0.65,17.08,3.5,1.41,0.14,3.62,4.28,0.2,NA,1257,4.265052,99.505052,26169,"[26169] VOIGT A., CASSIDY M., CASTRO J. M., PYLE D. M., MATHER T. A., HELO C., ABDURRACHMAN M., KURNIAWAN I. A.:   EXPERIMENTAL INVESTIGATION OF TRACHYDACITE MAGMA STORAGE PRIOR TO THE 1257 ERUPTION OF MT SAMALAS |  J. PETROL. 63 (EGAC066)   [2022]   | doi: 10.1093/petrology/egac066",NA,NA,NA,1257,NA,"1257"
"11","Rinjani","dacitic","trachydacit",2022,"[26169] VOIGT A. (2022)","samp. P1-PF",NA,"SUNDA ARC / SUNDA ARC / LOMBOK / RINDJANI/RINJANI",NA,-8.43,116.26,-8.43,116.26,"SUBAERIAL","VOLCANIC ROCK","TRACHYDACITE","HOLOCENE","WHOLE ROCK",65.26,0.61,16.74,3.29,1.2,0.17,3.75,4.38,0.19,3.67,1257,3.941124,99.531124,26169,"[26169] VOIGT A., CASSIDY M., CASTRO J. M., PYLE D. M., MATHER T. A., HELO C., ABDURRACHMAN M., KURNIAWAN I. A.:   EXPERIMENTAL INVESTIGATION OF TRACHYDACITE MAGMA STORAGE PRIOR TO THE 1257 ERUPTION OF MT SAMALAS |  J. PETROL. 63 (EGAC066)   [2022]   | doi: 10.1093/petrology/egac066",NA,NA,NA,1257,NA,"1257"
"12","Rinjani","dacitic","trachydacit",2022,"[26169] VOIGT A. (2022)","samp. P2-PF",NA,"SUNDA ARC / SUNDA ARC / LOMBOK / RINDJANI/RINJANI",NA,-8.43,116.26,-8.43,116.26,"SUBAERIAL","VOLCANIC ROCK","TRACHYDACITE","HOLOCENE","WHOLE ROCK",64.52,0.64,16.87,3.55,1.34,0.15,3.6,4.36,0.2,3.05,1257,4.27405,99.50405,26169,"[26169] VOIGT A., CASSIDY M., CASTRO J. M., PYLE D. M., MATHER T. A., HELO C., ABDURRACHMAN M., KURNIAWAN I. A.:   EXPERIMENTAL INVESTIGATION OF TRACHYDACITE MAGMA STORAGE PRIOR TO THE 1257 ERUPTION OF MT SAMALAS |  J. PETROL. 63 (EGAC066)   [2022]   | doi: 10.1093/petrology/egac066",NA,NA,NA,1257,NA,"1257"
"13","Rinjani","dacitic","trachydacit",2022,"[26169] VOIGT A. (2022)","samp. P3-PF",NA,"SUNDA ARC / SUNDA ARC / LOMBOK / RINDJANI/RINJANI",NA,-8.43,116.26,-8.43,116.26,"SUBAERIAL","VOLCANIC ROCK","TRACHYDACITE","HOLOCENE","WHOLE ROCK",61.33,0.72,18.18,5.22,1.87,0.15,2.91,4.18,0.2,2.47,1257,4.705954,99.465954,26169,"[26169] VOIGT A., CASSIDY M., CASTRO J. M., PYLE D. M., MATHER T. A., HELO C., ABDURRACHMAN M., KURNIAWAN I. A.:   EXPERIMENTAL INVESTIGATION OF TRACHYDACITE MAGMA STORAGE PRIOR TO THE 1257 ERUPTION OF MT SAMALAS |  J. PETROL. 63 (EGAC066)   [2022]   | doi: 10.1093/petrology/egac066",NA,NA,NA,1257,NA,"1257"
"14","Rinjani","dacitic","trachydacit",2022,"[26169] VOIGT A. (2022)","samp. P4-P IN PDC",NA,"SUNDA ARC / SUNDA ARC / LOMBOK / RINDJANI/RINJANI",NA,-8.43,116.26,-8.43,116.26,"SUBAERIAL","VOLCANIC ROCK","TRACHYDACITE","HOLOCENE","WHOLE ROCK",63.34,0.64,17.07,4.04,1.42,0.14,3.48,4.7,0.2,2.58,1257,4.193068,99.223068,26169,"[26169] VOIGT A., CASSIDY M., CASTRO J. M., PYLE D. M., MATHER T. A., HELO C., ABDURRACHMAN M., KURNIAWAN I. A.:   EXPERIMENTAL INVESTIGATION OF TRACHYDACITE MAGMA STORAGE PRIOR TO THE 1257 ERUPTION OF MT SAMALAS |  J. PETROL. 63 (EGAC066)   [2022]   | doi: 10.1093/petrology/egac066",NA,NA,NA,1257,NA,"1257"
"15","Rinjani","dacitic","trachydacit",2022,"[26169] VOIGT A. (2022)","samp. P4-(MIDDLE) PDC",NA,"SUNDA ARC / SUNDA ARC / LOMBOK / RINDJANI/RINJANI",NA,-8.43,116.26,-8.43,116.26,"SUBAERIAL","VOLCANIC ROCK","TRACHYDACITE","HOLOCENE","WHOLE ROCK",63.38,0.68,17.46,3.92,1.55,0.14,3.31,4.05,0.21,2.65,1257,4.759942,99.459942,26169,"[26169] VOIGT A., CASSIDY M., CASTRO J. M., PYLE D. M., MATHER T. A., HELO C., ABDURRACHMAN M., KURNIAWAN I. A.:   EXPERIMENTAL INVESTIGATION OF TRACHYDACITE MAGMA STORAGE PRIOR TO THE 1257 ERUPTION OF MT SAMALAS |  J. PETROL. 63 (EGAC066)   [2022]   | doi: 10.1093/petrology/egac066",NA,NA,NA,1257,NA,"1257"
"16","Rinjani","dacitic","trachydacit",2022,"[26169] VOIGT A. (2022)","samp. P4-PF BAND IN PDC",NA,"SUNDA ARC / SUNDA ARC / LOMBOK / RINDJANI/RINJANI",NA,-8.43,116.26,-8.43,116.26,"SUBAERIAL","VOLCANIC ROCK","TRACHYDACITE","HOLOCENE","WHOLE ROCK",64.34,0.65,17.06,3.72,1.36,0.14,3.55,4.33,0.2,2.78,1257,4.166074,99.516074,26169,"[26169] VOIGT A., CASSIDY M., CASTRO J. M., PYLE D. M., MATHER T. A., HELO C., ABDURRACHMAN M., KURNIAWAN I. A.:   EXPERIMENTAL INVESTIGATION OF TRACHYDACITE MAGMA STORAGE PRIOR TO THE 1257 ERUPTION OF MT SAMALAS |  J. PETROL. 63 (EGAC066)   [2022]   | doi: 10.1093/petrology/egac066",NA,NA,NA,1257,NA,"1257"
"17","Rinjani","dacitic","trachydacit",2022,"[26169] VOIGT A. (2022)","samp. P4-(TOP) PDC",NA,"SUNDA ARC / SUNDA ARC / LOMBOK / RINDJANI/RINJANI",NA,-8.43,116.26,-8.43,116.26,"SUBAERIAL","VOLCANIC ROCK","TRACHYDACITE","HOLOCENE","WHOLE ROCK",64.36,0.65,17.08,3.5,1.41,0.14,3.62,4.28,0.2,2.27,1257,4.265052,99.505052,26169,"[26169] VOIGT A., CASSIDY M., CASTRO J. M., PYLE D. M., MATHER T. A., HELO C., ABDURRACHMAN M., KURNIAWAN I. A.:   EXPERIMENTAL INVESTIGATION OF TRACHYDACITE MAGMA STORAGE PRIOR TO THE 1257 ERUPTION OF MT SAMALAS |  J. PETROL. 63 (EGAC066)   [2022]   | doi: 10.1093/petrology/egac066",NA,NA,NA,1257,NA,"1257"
"18","Santorini","dacitic","dacit",1992,"[13469] DRUITT T. H. (1992)","samp. 3",NA,"AEGEAN ARC / SOUTH AEGEAN VOLCANIC ARC / SANTORINI","TUFF PLASTERED ONTO CALDERA",36.3,25.4,36.5,25.5,"SUBAERIAL","VOLCANIC ROCK","RHYODACITE",NA,"WHOLE ROCK",66.4,0.38,14.5,2.58,0.77,0.08,2.78,5.24,0.09,NA,NA,2.627416,95.447416,13469,"[13469] DRUITT T. H., FRANCAVIGLIA V.:   CALDERA FORMATION ON SANTORINI AND THE PHYSIOGRAPHY OF THE ISLANDS IN THE LATE BRONZE AGE |  BULL. VOLCANOL. 54    [1992]  484-493  | doi: 10.1007/BF00301394",NA,NA,NA,-1610,NA,"1600 BCE"
"19","Santorini","dacitic","dacit",1992,"[13469] DRUITT T. H. (1992)","samp. 4",NA,"AEGEAN ARC / SOUTH AEGEAN VOLCANIC ARC / SANTORINI","TUFF PLASTERED ONTO CALDERA",36.3,25.4,36.5,25.5,"SUBAERIAL","VOLCANIC ROCK","RHYODACITE",NA,"WHOLE ROCK",66.3,0.41,14.2,2.58,1.22,0.08,2.76,4.99,0.04,NA,NA,2.915352,95.495352,13469,"[13469] DRUITT T. H., FRANCAVIGLIA V.:   CALDERA FORMATION ON SANTORINI AND THE PHYSIOGRAPHY OF THE ISLANDS IN THE LATE BRONZE AGE |  BULL. VOLCANOL. 54    [1992]  484-493  | doi: 10.1007/BF00301394",NA,NA,NA,-1610,NA,"1600 BCE"
"20","Santorini","dacitic","dacit",1989,"[13696] DRUITT T. H. (1989)","samp. 80-29",NA,"AEGEAN ARC / SOUTH AEGEAN VOLCANIC ARC / SANTORINI","MINOAN ERUPTION",36.3,25.4,36.5,25.5,"SUBAERIAL","VOLCANIC ROCK","RHYODACITE",NA,"WHOLE ROCK",70.5,0.44,14.7,2.53,0.86,0.1,3.03,4.63,0.09,NA,NA,3.16,100.04,13696,"[13696] DRUITT T. H., MELLORS R. A., PYLE D. M., SPARKS R. S. J.:   EXPLOSIVE VOLCANISM ON SANTORINI, GREECE |  GEOL. MAG. 126    [1989]  95-126  | doi: 10.1017/S0016756800006270",NA,NA,NA,-1610,NA,"1600 BCE"
"21","Santorini","dacitic","dacit",1989,"[13696] DRUITT T. H. (1989)","samp. 80-25B",NA,"AEGEAN ARC / SOUTH AEGEAN VOLCANIC ARC / SANTORINI","MINOAN ERUPTION",36.3,25.4,36.5,25.5,"SUBAERIAL","VOLCANIC ROCK","RHYODACITE",NA,"WHOLE ROCK",63.6,0.79,16.3,5,2.02,0.14,2.14,4.25,0.13,NA,NA,5.61,99.98,13696,"[13696] DRUITT T. H., MELLORS R. A., PYLE D. M., SPARKS R. S. J.:   EXPLOSIVE VOLCANISM ON SANTORINI, GREECE |  GEOL. MAG. 126    [1989]  95-126  | doi: 10.1017/S0016756800006270",NA,NA,NA,-1610,NA,"1600 BCE"
"22","Santorini","dacitic","dacit",2014,"[18300] DRUITT T. H. (2014)","samp. S80-28",NA,"AEGEAN ARC / SOUTH AEGEAN VOLCANIC ARC / SANTORINI","BRONZE AGE ERUPTION",36.35,25.4,36.45,25.5,"SUBAERIAL","VOLCANIC ROCK","RHYODACITE",NA,"WHOLE ROCK",71.2,0.41,14.5,2.21,0.6,0.08,3.16,4.89,0.08,NA,NA,2.82,99.95,18300,"[18300] DRUITT T. H.:   NEW INSIGHTS INTO THE INITIATION AND VENTING OF THE BRONZE-AGE ERUPTION OF SANTORINI (GREECE), FROM COMPONENT ANALYSIS |  BULL. VOLCANOL. 76 (794)   [2014]   | doi: 10.1007/s00445-014-0794-X",NA,NA,NA,-1610,NA,"1600 BCE"
"23","Santorini","dacitic","dacit",2014,"[18300] DRUITT T. H. (2014)","samp. S82-31",NA,"AEGEAN ARC / SOUTH AEGEAN VOLCANIC ARC / SANTORINI","BRONZE AGE ERUPTION",36.35,25.4,36.45,25.5,"SUBAERIAL","VOLCANIC ROCK","DACITE",NA,"WHOLE ROCK",67.6,0.54,15.1,3.44,1.41,0.09,2.72,4.71,0.09,NA,NA,4.23,99.93,18300,"[18300] DRUITT T. H.:   NEW INSIGHTS INTO THE INITIATION AND VENTING OF THE BRONZE-AGE ERUPTION OF SANTORINI (GREECE), FROM COMPONENT ANALYSIS |  BULL. VOLCANOL. 76 (794)   [2014]   | doi: 10.1007/s00445-014-0794-X",NA,NA,NA,-1610,NA,"1600 BCE"
"24","Santorini","dacitic","dacit",2014,"[18300] DRUITT T. H. (2014)","samp. S10-15",NA,"AEGEAN ARC / SOUTH AEGEAN VOLCANIC ARC / SANTORINI","BRONZE AGE ERUPTION",36.35,25.4,36.45,25.5,"SUBAERIAL","VOLCANIC ROCK","RHYODACITE",NA,"WHOLE ROCK",70.6,0.43,14.9,2.25,0.6,0.08,3.07,5.19,0.07,NA,NA,2.8,99.99,18300,"[18300] DRUITT T. H.:   NEW INSIGHTS INTO THE INITIATION AND VENTING OF THE BRONZE-AGE ERUPTION OF SANTORINI (GREECE), FROM COMPONENT ANALYSIS |  BULL. VOLCANOL. 76 (794)   [2014]   | doi: 10.1007/s00445-014-0794-X",NA,NA,NA,-1610,NA,"1600 BCE"
"25","Santorini","dacitic","dacit",2014,"[18300] DRUITT T. H. (2014)","samp. S10-8",NA,"AEGEAN ARC / SOUTH AEGEAN VOLCANIC ARC / SANTORINI","BRONZE AGE ERUPTION",36.35,25.4,36.45,25.5,"SUBAERIAL","VOLCANIC ROCK","RHYODACITE",NA,"WHOLE ROCK",70.7,0.44,14.8,2.13,0.59,0.08,3.06,5.24,0.09,NA,NA,2.84,99.97,18300,"[18300] DRUITT T. H.:   NEW INSIGHTS INTO THE INITIATION AND VENTING OF THE BRONZE-AGE ERUPTION OF SANTORINI (GREECE), FROM COMPONENT ANALYSIS |  BULL. VOLCANOL. 76 (794)   [2014]   | doi: 10.1007/s00445-014-0794-X",NA,NA,NA,-1610,NA,"1600 BCE"
"26","Santorini","dacitic","dacit",2014,"[18499] CADOUX A. (2014)","samp. S82-30",NA,"AEGEAN ARC / SOUTH AEGEAN VOLCANIC ARC / SANTORINI","MINOAN ERUPTION",36.3,25.4,36.5,25.5,"SUBAERIAL","VOLCANIC ROCK","RHYODACITE",NA,"WHOLE ROCK",70.58,0.46,14.64,2.36,0.66,0.08,3,5.08,0.08,NA,NA,3.05,99.99,18499,"[18499] CADOUX A., SCAILLET B., DRUITT T. H., DELOULE E.:   MAGMA STORAGE CONDITIONS OF LARGE PLINIAN ERUPTIONS OF SANTORINI VOLCANO (GREECE) |  J. PETROL. 55    [2014]  1129-1171  | doi: 10.1093/petrology/egu021",NA,NA,NA,-1610,NA,"1600 BCE"
"27","Santorini","dacitic","dacit",2016,"[20579] KLAVER M.(2016)  [GeoReM [9931] ]","samp. AAS-030",NA,"AEGEAN ARC / SOUTH AEGEAN VOLCANIC ARC / SANTORINI","MINOAN TUFF",36.41444,25.43165,36.41444,25.43165,"SUBAERIAL","VOLCANIC ROCK","DACITE",NA,"WHOLE ROCK",69.1767210290989,0.481379252037123,15.23281550169,2.86935667698983,0.925971880010273,0.0935431297626723,2.96184876035068,4.70343264817931,0.0809305729407389,NA,NA,3.41409090403633,99.9400903550959,20579,"[20579] KLAVER M., CAREY S. N., NOMIKOU P., SMET I., GODELITSAS A., VROON P. Z.:   A DISTINCT SOURCE AND DIFFERENTIATION HISTORY FOR KOLUMBO SUBMARINE VOLCANO, SANTORINI VOLCANIC FIELD, AEGEAN ARC |  GEOCHEMISTRY GEOPHYSICS GEOSYSTEMS 17    [2016]  3254-3273  | GeoReM-id: 9931 | doi: 10.1002/2016GC006398",NA,NA,NA,-1610,NA,"1600 BCE"
"28","Santorini","dacitic","dacit",2016,"[20579] KLAVER M.(2016)  [GeoReM [9931] ]","samp. AAS-042",479736,"AEGEAN ARC / SOUTH AEGEAN VOLCANIC ARC / SANTORINI","MINOAN TUFF",36.37582,25.42422,36.37582,25.42422,"SUBAERIAL","VOLCANIC ROCK","DACITE",NA,"WHOLE ROCK",70.5055512273496,0.426278047885843,14.8369897453338,2.36495290448706,0.675551206109014,0.0900734941478685,3.16933015455175,4.91424226211394,0.0743630009825426,NA,NA,2.88192071679934,99.9392527597608,20579,"[20579] KLAVER M., CAREY S. N., NOMIKOU P., SMET I., GODELITSAS A., VROON P. Z.:   A DISTINCT SOURCE AND DIFFERENTIATION HISTORY FOR KOLUMBO SUBMARINE VOLCANO, SANTORINI VOLCANIC FIELD, AEGEAN ARC |  GEOCHEMISTRY GEOPHYSICS GEOSYSTEMS 17    [2016]  3254-3273  | GeoReM-id: 9931 | doi: 10.1002/2016GC006398",NA,NA,NA,-1610,NA,"1600 BCE"
"29","Santorini","dacitic","dacit",2000,"[4826] MICHAUD V. (2000)","samp. SNT67C",NA,"AEGEAN ARC / SOUTH AEGEAN VOLCANIC ARC / SANTORINI","MINOAN ERUPTION",36.3,25.4,36.5,25.5,"SUBAERIAL","VOLCANIC ROCK","DACITE",NA,"WHOLE ROCK",66.72,0.6,15.71,4,0.99,0.11,2.3,4.55,0.15,NA,NA,4.87,100,4826,"[4826] MICHAUD V., CLOCCHIATTI R., SBRANA A.:   THE MINOAN AND POST-MINOAN ERUPTIONS, SANTORINI (GREECE), IN THE LIGHT OF MELT INCLUSIONS: CHLORINE AND SULPHUR BEHAVIOUR |  J. VOLCANOL. GEOTHERM. RES. 99    [2000]  195-214  | doi: 10.1016/S0377-0273(00)00173-6",NA,NA,NA,-1610,NA,"1600 BCE"
"30","Santorini","dacitic","dacit",2000,"[4826] MICHAUD V. (2000)","samp. SNT67V",NA,"AEGEAN ARC / SOUTH AEGEAN VOLCANIC ARC / SANTORINI","MINOAN ERUPTION",36.3,25.4,36.5,25.5,"SUBAERIAL","VOLCANIC ROCK","RHYODACITE",NA,"WHOLE ROCK",71.71,0.42,13.95,2.2,0.59,0.08,2.98,4.7,0.07,NA,NA,3.08,99.78,4826,"[4826] MICHAUD V., CLOCCHIATTI R., SBRANA A.:   THE MINOAN AND POST-MINOAN ERUPTIONS, SANTORINI (GREECE), IN THE LIGHT OF MELT INCLUSIONS: CHLORINE AND SULPHUR BEHAVIOUR |  J. VOLCANOL. GEOTHERM. RES. 99    [2000]  195-214  | doi: 10.1016/S0377-0273(00)00173-6",NA,NA,NA,-1610,NA,"1600 BCE"
"31","Santorini","rhyolitic","rhyodacit",1992,"[13469] DRUITT T. H. (1992)","samp. 3",NA,"AEGEAN ARC / SOUTH AEGEAN VOLCANIC ARC / SANTORINI","TUFF PLASTERED ONTO CALDERA",36.3,25.4,36.5,25.5,"SUBAERIAL","VOLCANIC ROCK","RHYODACITE",NA,"WHOLE ROCK",66.4,0.38,14.5,2.58,0.77,0.08,2.78,5.24,0.09,4.2,NA,2.627416,95.447416,13469,"[13469] DRUITT T. H., FRANCAVIGLIA V.:   CALDERA FORMATION ON SANTORINI AND THE PHYSIOGRAPHY OF THE ISLANDS IN THE LATE BRONZE AGE |  BULL. VOLCANOL. 54    [1992]  484-493  | doi: 10.1007/BF00301394",NA,NA,NA,-1610,NA,"1600 BCE"
"32","Santorini","rhyolitic","rhyodacit",1992,"[13469] DRUITT T. H. (1992)","samp. 4",NA,"AEGEAN ARC / SOUTH AEGEAN VOLCANIC ARC / SANTORINI","TUFF PLASTERED ONTO CALDERA",36.3,25.4,36.5,25.5,"SUBAERIAL","VOLCANIC ROCK","RHYODACITE",NA,"WHOLE ROCK",66.3,0.41,14.2,2.58,1.22,0.08,2.76,4.99,0.04,4.2,NA,2.915352,95.495352,13469,"[13469] DRUITT T. H., FRANCAVIGLIA V.:   CALDERA FORMATION ON SANTORINI AND THE PHYSIOGRAPHY OF THE ISLANDS IN THE LATE BRONZE AGE |  BULL. VOLCANOL. 54    [1992]  484-493  | doi: 10.1007/BF00301394",NA,NA,NA,-1610,NA,"1600 BCE"
"33","Santorini","rhyolitic","rhyodacit",1989,"[13696] DRUITT T. H. (1989)","samp. 80-29",NA,"AEGEAN ARC / SOUTH AEGEAN VOLCANIC ARC / SANTORINI","MINOAN ERUPTION",36.3,25.4,36.5,25.5,"SUBAERIAL","VOLCANIC ROCK","RHYODACITE",NA,"WHOLE ROCK",70.5,0.44,14.7,2.53,0.86,0.1,3.03,4.63,0.09,3.48,NA,3.16,100.04,13696,"[13696] DRUITT T. H., MELLORS R. A., PYLE D. M., SPARKS R. S. J.:   EXPLOSIVE VOLCANISM ON SANTORINI, GREECE |  GEOL. MAG. 126    [1989]  95-126  | doi: 10.1017/S0016756800006270",NA,NA,NA,-1610,NA,"1600 BCE"
"34","Santorini","rhyolitic","rhyodacit",1989,"[13696] DRUITT T. H. (1989)","samp. 80-25B",NA,"AEGEAN ARC / SOUTH AEGEAN VOLCANIC ARC / SANTORINI","MINOAN ERUPTION",36.3,25.4,36.5,25.5,"SUBAERIAL","VOLCANIC ROCK","RHYODACITE",NA,"WHOLE ROCK",63.6,0.79,16.3,5,2.02,0.14,2.14,4.25,0.13,1.88,NA,5.61,99.98,13696,"[13696] DRUITT T. H., MELLORS R. A., PYLE D. M., SPARKS R. S. J.:   EXPLOSIVE VOLCANISM ON SANTORINI, GREECE |  GEOL. MAG. 126    [1989]  95-126  | doi: 10.1017/S0016756800006270",NA,NA,NA,-1610,NA,"1600 BCE"
"35","Santorini","rhyolitic","rhyodacit",2014,"[18300] DRUITT T. H. (2014)","samp. S80-28",NA,"AEGEAN ARC / SOUTH AEGEAN VOLCANIC ARC / SANTORINI","BRONZE AGE ERUPTION",36.35,25.4,36.45,25.5,"SUBAERIAL","VOLCANIC ROCK","RHYODACITE",NA,"WHOLE ROCK",71.2,0.41,14.5,2.21,0.6,0.08,3.16,4.89,0.08,NA,NA,2.82,99.95,18300,"[18300] DRUITT T. H.:   NEW INSIGHTS INTO THE INITIATION AND VENTING OF THE BRONZE-AGE ERUPTION OF SANTORINI (GREECE), FROM COMPONENT ANALYSIS |  BULL. VOLCANOL. 76 (794)   [2014]   | doi: 10.1007/s00445-014-0794-X",NA,NA,NA,-1610,NA,"1600 BCE"
"36","Santorini","rhyolitic","rhyodacit",2014,"[18300] DRUITT T. H. (2014)","samp. S10-15",NA,"AEGEAN ARC / SOUTH AEGEAN VOLCANIC ARC / SANTORINI","BRONZE AGE ERUPTION",36.35,25.4,36.45,25.5,"SUBAERIAL","VOLCANIC ROCK","RHYODACITE",NA,"WHOLE ROCK",70.6,0.43,14.9,2.25,0.6,0.08,3.07,5.19,0.07,NA,NA,2.8,99.99,18300,"[18300] DRUITT T. H.:   NEW INSIGHTS INTO THE INITIATION AND VENTING OF THE BRONZE-AGE ERUPTION OF SANTORINI (GREECE), FROM COMPONENT ANALYSIS |  BULL. VOLCANOL. 76 (794)   [2014]   | doi: 10.1007/s00445-014-0794-X",NA,NA,NA,-1610,NA,"1600 BCE"
"37","Santorini","rhyolitic","rhyodacit",2014,"[18300] DRUITT T. H. (2014)","samp. S10-8",NA,"AEGEAN ARC / SOUTH AEGEAN VOLCANIC ARC / SANTORINI","BRONZE AGE ERUPTION",36.35,25.4,36.45,25.5,"SUBAERIAL","VOLCANIC ROCK","RHYODACITE",NA,"WHOLE ROCK",70.7,0.44,14.8,2.13,0.59,0.08,3.06,5.24,0.09,NA,NA,2.84,99.97,18300,"[18300] DRUITT T. H.:   NEW INSIGHTS INTO THE INITIATION AND VENTING OF THE BRONZE-AGE ERUPTION OF SANTORINI (GREECE), FROM COMPONENT ANALYSIS |  BULL. VOLCANOL. 76 (794)   [2014]   | doi: 10.1007/s00445-014-0794-X",NA,NA,NA,-1610,NA,"1600 BCE"
"38","Santorini","rhyolitic","rhyodacit",2014,"[18499] CADOUX A. (2014)","samp. S82-30",NA,"AEGEAN ARC / SOUTH AEGEAN VOLCANIC ARC / SANTORINI","MINOAN ERUPTION",36.3,25.4,36.5,25.5,"SUBAERIAL","VOLCANIC ROCK","RHYODACITE",NA,"WHOLE ROCK",70.58,0.46,14.64,2.36,0.66,0.08,3,5.08,0.08,2.12,NA,3.05,99.99,18499,"[18499] CADOUX A., SCAILLET B., DRUITT T. H., DELOULE E.:   MAGMA STORAGE CONDITIONS OF LARGE PLINIAN ERUPTIONS OF SANTORINI VOLCANO (GREECE) |  J. PETROL. 55    [2014]  1129-1171  | doi: 10.1093/petrology/egu021",NA,NA,NA,-1610,NA,"1600 BCE"
"39","Santorini","rhyolitic","rhyodacit",2000,"[4826] MICHAUD V. (2000)","samp. SNT67V",NA,"AEGEAN ARC / SOUTH AEGEAN VOLCANIC ARC / SANTORINI","MINOAN ERUPTION",36.3,25.4,36.5,25.5,"SUBAERIAL","VOLCANIC ROCK","RHYODACITE",NA,"WHOLE ROCK",71.71,0.42,13.95,2.2,0.59,0.08,2.98,4.7,0.07,NA,NA,3.08,99.78,4826,"[4826] MICHAUD V., CLOCCHIATTI R., SBRANA A.:   THE MINOAN AND POST-MINOAN ERUPTIONS, SANTORINI (GREECE), IN THE LIGHT OF MELT INCLUSIONS: CHLORINE AND SULPHUR BEHAVIOUR |  J. VOLCANOL. GEOTHERM. RES. 99    [2000]  195-214  | doi: 10.1016/S0377-0273(00)00173-6",NA,NA,NA,-1610,NA,"1600 BCE"
"40","Kikai","dacitic","dacit",2007,"[10931] MAENO F. (2007)","samp. 01FFA1",NA,"RYUKYU ARC / RYUKYU ARC / KIKAI CALDERA",NA,30.4,130.25,30.85,130.5,"SUBAERIAL","VOLCANIC ROCK","DACITE","HOLOCENE","WHOLE ROCK",71.45,0.72,13.71,2.72,0.77,0.1,2.57,3.96,0.15,NA,NA,3.46423,99.61423,10931,"[10931] MAENO F., TANIGUCHI H.:   SPATIOTEMPORAL EVOLUTION OF A MARINE CALDERA-FORMING ERUPTION, GENERATING A LOW-ASPECT RATIO PYROCLASTIC FLOW, 7.3 KA, KIKAI CALDERA, JAPAN: IMPLICATION FROM NEAR-VENT ERUPTIVE DEPOSITS |  J. VOLCANOL. GEOTHERM. RES. 167    [2007]  212-238  | doi: 10.1016/j.jvolgeores.2007.05.003",NA,NA,NA,-4350,NA,"4350 BCE"
"41","Kikai","dacitic","dacit",2007,"[10931] MAENO F. (2007)","samp. 01FFA2",NA,"RYUKYU ARC / RYUKYU ARC / KIKAI CALDERA",NA,30.4,130.25,30.85,130.5,"SUBAERIAL","VOLCANIC ROCK","DACITE","HOLOCENE","WHOLE ROCK",71.8,0.71,13.63,2.66,0.73,0.1,2.62,3.96,0.14,NA,NA,3.293268,99.643268,10931,"[10931] MAENO F., TANIGUCHI H.:   SPATIOTEMPORAL EVOLUTION OF A MARINE CALDERA-FORMING ERUPTION, GENERATING A LOW-ASPECT RATIO PYROCLASTIC FLOW, 7.3 KA, KIKAI CALDERA, JAPAN: IMPLICATION FROM NEAR-VENT ERUPTIVE DEPOSITS |  J. VOLCANOL. GEOTHERM. RES. 167    [2007]  212-238  | doi: 10.1016/j.jvolgeores.2007.05.003",NA,NA,NA,-4350,NA,"4350 BCE"
"42","Kikai","dacitic","dacit",2007,"[10931] MAENO F. (2007)","samp. 04FPFL1",NA,"RYUKYU ARC / RYUKYU ARC / KIKAI CALDERA",NA,30.4,130.25,30.85,130.5,"SUBAERIAL","VOLCANIC ROCK","DACITE","HOLOCENE","WHOLE ROCK",71.81,0.72,13.83,2.35,0.77,0.1,2.73,3.85,0.13,NA,NA,3.347256,99.637256,10931,"[10931] MAENO F., TANIGUCHI H.:   SPATIOTEMPORAL EVOLUTION OF A MARINE CALDERA-FORMING ERUPTION, GENERATING A LOW-ASPECT RATIO PYROCLASTIC FLOW, 7.3 KA, KIKAI CALDERA, JAPAN: IMPLICATION FROM NEAR-VENT ERUPTIVE DEPOSITS |  J. VOLCANOL. GEOTHERM. RES. 167    [2007]  212-238  | doi: 10.1016/j.jvolgeores.2007.05.003",NA,NA,NA,-4350,NA,"4350 BCE"
"43","Kikai","dacitic","dacit",2007,"[10931] MAENO F. (2007)","samp. 04FPFL2",NA,"RYUKYU ARC / RYUKYU ARC / KIKAI CALDERA",NA,30.4,130.25,30.85,130.5,"SUBAERIAL","VOLCANIC ROCK","DACITE","HOLOCENE","WHOLE ROCK",71.77,0.71,13.72,2.53,0.72,0.1,2.67,3.91,0.11,NA,NA,3.37425,99.61425,10931,"[10931] MAENO F., TANIGUCHI H.:   SPATIOTEMPORAL EVOLUTION OF A MARINE CALDERA-FORMING ERUPTION, GENERATING A LOW-ASPECT RATIO PYROCLASTIC FLOW, 7.3 KA, KIKAI CALDERA, JAPAN: IMPLICATION FROM NEAR-VENT ERUPTIVE DEPOSITS |  J. VOLCANOL. GEOTHERM. RES. 167    [2007]  212-238  | doi: 10.1016/j.jvolgeores.2007.05.003",NA,NA,NA,-4350,NA,"4350 BCE"
"44","Kikai","dacitic","dacit",2007,"[10931] MAENO F. (2007)","samp. 04FPFL4",NA,"RYUKYU ARC / RYUKYU ARC / KIKAI CALDERA",NA,30.4,130.25,30.85,130.5,"SUBAERIAL","VOLCANIC ROCK","DACITE","HOLOCENE","WHOLE ROCK",71.87,0.72,13.75,2.5,0.72,0.1,2.74,3.79,0.13,NA,NA,3.320262,99.640262,10931,"[10931] MAENO F., TANIGUCHI H.:   SPATIOTEMPORAL EVOLUTION OF A MARINE CALDERA-FORMING ERUPTION, GENERATING A LOW-ASPECT RATIO PYROCLASTIC FLOW, 7.3 KA, KIKAI CALDERA, JAPAN: IMPLICATION FROM NEAR-VENT ERUPTIVE DEPOSITS |  J. VOLCANOL. GEOTHERM. RES. 167    [2007]  212-238  | doi: 10.1016/j.jvolgeores.2007.05.003",NA,NA,NA,-4350,NA,"4350 BCE"
"45","Kikai","dacitic","dacit",2007,"[10931] MAENO F. (2007)","samp. 00KOAPFL",NA,"RYUKYU ARC / RYUKYU ARC / KIKAI CALDERA",NA,30.4,130.25,30.85,130.5,"SUBAERIAL","VOLCANIC ROCK","DACITE","HOLOCENE","WHOLE ROCK",71.38,0.69,13.54,2.67,0.77,0.1,2.57,4.05,0.14,NA,NA,3.698178,99.608178,10931,"[10931] MAENO F., TANIGUCHI H.:   SPATIOTEMPORAL EVOLUTION OF A MARINE CALDERA-FORMING ERUPTION, GENERATING A LOW-ASPECT RATIO PYROCLASTIC FLOW, 7.3 KA, KIKAI CALDERA, JAPAN: IMPLICATION FROM NEAR-VENT ERUPTIVE DEPOSITS |  J. VOLCANOL. GEOTHERM. RES. 167    [2007]  212-238  | doi: 10.1016/j.jvolgeores.2007.05.003",NA,NA,NA,-4350,NA,"4350 BCE"
"46","Kikai","dacitic","dacit",2007,"[10931] MAENO F. (2007)","samp. 01TPFL1",NA,"RYUKYU ARC / RYUKYU ARC / KIKAI CALDERA",NA,30.4,130.25,30.85,130.5,"SUBAERIAL","VOLCANIC ROCK","DACITE","HOLOCENE","WHOLE ROCK",71.69,0.73,13.7,2.58,0.72,0.1,2.65,3.94,0.14,NA,NA,3.365252,99.615252,10931,"[10931] MAENO F., TANIGUCHI H.:   SPATIOTEMPORAL EVOLUTION OF A MARINE CALDERA-FORMING ERUPTION, GENERATING A LOW-ASPECT RATIO PYROCLASTIC FLOW, 7.3 KA, KIKAI CALDERA, JAPAN: IMPLICATION FROM NEAR-VENT ERUPTIVE DEPOSITS |  J. VOLCANOL. GEOTHERM. RES. 167    [2007]  212-238  | doi: 10.1016/j.jvolgeores.2007.05.003",NA,NA,NA,-4350,NA,"4350 BCE"
"47","Tambora","alkaline","phonolit",1986,"[3737] FODEN J. D. (1986)","samp. T32",60452,"SUNDA ARC / SUNDA ARC / SUMBAWA / TAMBORA",NA,-8.27,117.98,-8.27,117.98,"SUBAERIAL","VOLCANIC ROCK","PHONOLITE","CENOZOIC","WHOLE ROCK",55.09,0.69,19.66,5.47,0.18,0.18,5.03,4.56,0.54,NA,1815,5.958498,97.358498,3737,"[3737] FODEN J. D.:   THE PETROLOGY OF TAMBORA VOLCANO, INDONESIA: A MODEL FOR THE 1815 ERUPTION |  J. VOLCANOL. GEOTHERM. RES. 27    [1986]  1-41  | doi: 10.1016/0377-0273(86)90079-X",NA,NA,NA,1812,1815,"1815"
"48","Tambora","alkaline","phonolit",1986,"[3737] FODEN J. D. (1986)","samp. T27",NA,"SUNDA ARC / SUNDA ARC / SUMBAWA / TAMBORA",NA,-8.27,117.98,-8.27,117.98,"SUBAERIAL","VOLCANIC ROCK","PHONOLITE","CENOZOIC","WHOLE ROCK",54.72,0.57,19.68,5.71,0.18,0.18,4.91,4.87,0.57,NA,1815,6.19966,97.58966,3737,"[3737] FODEN J. D.:   THE PETROLOGY OF TAMBORA VOLCANO, INDONESIA: A MODEL FOR THE 1815 ERUPTION |  J. VOLCANOL. GEOTHERM. RES. 27    [1986]  1-41  | doi: 10.1016/0377-0273(86)90079-X",NA,NA,NA,1812,1815,"1815"
"49","Tambora","alkaline","phonolit",1986,"[3737] FODEN J. D. (1986)","samp. T43",NA,"SUNDA ARC / SUNDA ARC / SUMBAWA / TAMBORA",NA,-8.27,117.98,-8.27,117.98,"SUBAERIAL","VOLCANIC ROCK","PHONOLITE","CENOZOIC","WHOLE ROCK",56.11,0.61,19.9,4.62,0.18,0.18,5.39,5.05,0.49,NA,1815,5.351444,97.881444,3737,"[3737] FODEN J. D.:   THE PETROLOGY OF TAMBORA VOLCANO, INDONESIA: A MODEL FOR THE 1815 ERUPTION |  J. VOLCANOL. GEOTHERM. RES. 27    [1986]  1-41  | doi: 10.1016/0377-0273(86)90079-X",NA,NA,NA,1812,1815,"1815"
"50","Crater Lake","rhyolitic","rhyodacit",1986,"[4448] BACON C. R. (1986)","samp.444",NA,"CASCADES / HIGH CASCADES / OREGON / MOUNT MAZAMA","SOUTHWESTERN SLOPES",42.91,-122.13,42.91,-122.13,"SUBAERIAL","VOLCANIC ROCK","RHYODACITE","","WHOLE ROCK",51.4,0.37,10.7,9.26,16.8,0.13,0.59,2.22,0.16,NA,NA,8.19,100.05,4448,"[4448] BACON C. R.:   MAGMATIC INCLUSIONS IN SILICIC AND INTERMEDIATE VOLCANIC ROCKS |  J. GEOPHYS. RES. B91    [1986]  6091-6112  | doi: 10.1029/JB091iB06p06091",42.91,-122.13,NA,-5680,NA,"5750 BCE"
"51","Crater Lake","rhyolitic","rhyodacit",1986,"[4448] BACON C. R. (1986)","samp.860",NA,"CASCADES / HIGH CASCADES / OREGON / MOUNT MAZAMA","SOUTHWESTERN SLOPES",42.91,-122.13,42.91,-122.13,"SUBAERIAL","VOLCANIC ROCK","RHYODACITE","","WHOLE ROCK",54.8,0.82,18.9,8.14,4.52,0.13,0.62,3.94,0.3,NA,NA,7.6,100.11,4448,"[4448] BACON C. R.:   MAGMATIC INCLUSIONS IN SILICIC AND INTERMEDIATE VOLCANIC ROCKS |  J. GEOPHYS. RES. B91    [1986]  6091-6112  | doi: 10.1029/JB091iB06p06091",42.91,-122.13,NA,-5680,NA,"5750 BCE"
"52","Crater Lake","rhyolitic","rhyodacit",1986,"[4448] BACON C. R. (1986)","samp.871",NA,"CASCADES / HIGH CASCADES / OREGON / MOUNT MAZAMA","SOUTHWESTERN SLOPES",42.91,-122.13,42.91,-122.13,"SUBAERIAL","VOLCANIC ROCK","RHYODACITE","","WHOLE ROCK",56,0.84,19.4,7.92,3.97,0.11,0.82,3.95,0.14,NA,NA,6.64,100.08,4448,"[4448] BACON C. R.:   MAGMATIC INCLUSIONS IN SILICIC AND INTERMEDIATE VOLCANIC ROCKS |  J. GEOPHYS. RES. B91    [1986]  6091-6112  | doi: 10.1029/JB091iB06p06091",42.91,-122.13,NA,-5680,NA,"5750 BCE"
"53","Crater Lake","rhyolitic","rhyodacit",1986,"[4448] BACON C. R. (1986)","samp.560",NA,"CASCADES / HIGH CASCADES / OREGON / MOUNT MAZAMA","SOUTHWESTERN SLOPES",42.91,-122.13,42.91,-122.13,"SUBAERIAL","VOLCANIC ROCK","RHYODACITE","","WHOLE ROCK",61.6,0.82,17.9,5.31,2.26,0.08,1.64,5.05,0.27,NA,NA,4.89,99.46,4448,"[4448] BACON C. R.:   MAGMATIC INCLUSIONS IN SILICIC AND INTERMEDIATE VOLCANIC ROCKS |  J. GEOPHYS. RES. B91    [1986]  6091-6112  | doi: 10.1029/JB091iB06p06091",42.91,-122.13,NA,-5680,NA,"5750 BCE"
"54","Crater Lake","rhyolitic","rhyodacit",1986,"[4448] BACON C. R. (1986)","samp.322",NA,"CASCADES / HIGH CASCADES / OREGON / MOUNT MAZAMA","SOUTHWESTERN SLOPES",42.91,-122.13,42.91,-122.13,"SUBAERIAL","VOLCANIC ROCK","RHYODACITE","","WHOLE ROCK",70.6,0.46,15.3,2.27,0.76,0.05,2.67,5.24,0.11,NA,NA,2.42,99.49,4448,"[4448] BACON C. R.:   MAGMATIC INCLUSIONS IN SILICIC AND INTERMEDIATE VOLCANIC ROCKS |  J. GEOPHYS. RES. B91    [1986]  6091-6112  | doi: 10.1029/JB091iB06p06091",42.91,-122.13,NA,-5680,NA,"5750 BCE"
"55","Crater Lake","rhyolitic","rhyodacit",1986,"[4448] BACON C. R. (1986)","samp.106",NA,"CASCADES / HIGH CASCADES / OREGON / MOUNT MAZAMA","SOUTHWESTERN SLOPES",42.91,-122.13,42.91,-122.13,"SUBAERIAL","VOLCANIC ROCK","RHYODACITE","","WHOLE ROCK",59.1,0.8,18.4,7.17,3.68,0.07,1.13,4.33,0.16,NA,NA,4.99,99.78,4448,"[4448] BACON C. R.:   MAGMATIC INCLUSIONS IN SILICIC AND INTERMEDIATE VOLCANIC ROCKS |  J. GEOPHYS. RES. B91    [1986]  6091-6112  | doi: 10.1029/JB091iB06p06091",42.91,-122.13,NA,-5680,NA,"5750 BCE"
"56","Crater Lake","rhyolitic","rhyodacit",1986,"[4448] BACON C. R. (1986)","samp.154",NA,"CASCADES / HIGH CASCADES / OREGON / MOUNT MAZAMA","SOUTHWESTERN SLOPES",42.91,-122.13,42.91,-122.13,"SUBAERIAL","VOLCANIC ROCK","RHYODACITE","","WHOLE ROCK",70.4,0.47,15.3,2.3,0.79,0.05,2.56,5.27,0.11,NA,NA,2.53,99.64,4448,"[4448] BACON C. R.:   MAGMATIC INCLUSIONS IN SILICIC AND INTERMEDIATE VOLCANIC ROCKS |  J. GEOPHYS. RES. B91    [1986]  6091-6112  | doi: 10.1029/JB091iB06p06091",42.91,-122.13,NA,-5680,NA,"5750 BCE"
"57","Crater Lake","rhyolitic","rhyodacit",1986,"[4448] BACON C. R. (1986)","samp.1012",NA,"CASCADES / HIGH CASCADES / OREGON / MOUNT MAZAMA","SOUTHWESTERN SLOPES",42.91,-122.13,42.91,-122.13,"SUBAERIAL","VOLCANIC ROCK","RHYODACITE","","WHOLE ROCK",70.8,0.49,15.4,2.35,0.8,0.05,2.65,4.8,0.11,NA,NA,2.54,99.6,4448,"[4448] BACON C. R.:   MAGMATIC INCLUSIONS IN SILICIC AND INTERMEDIATE VOLCANIC ROCKS |  J. GEOPHYS. RES. B91    [1986]  6091-6112  | doi: 10.1029/JB091iB06p06091",42.91,-122.13,NA,-5680,NA,"5750 BCE"
"58","Tambora","alkaline","phonolit",1986,"[3737] FODEN J. D. (1986)","samp. T23",NA,"SUNDA ARC / SUNDA ARC / SUMBAWA / TAMBORA",NA,-8.27,117.98,-8.27,117.98,"SUBAERIAL","VOLCANIC ROCK","PHONOLIT","CENOZOIC","WHOLE ROCK",55.17,0.67,19.78,5.42,2.5,0.18,5.08,4.66,0.55,NA,1815,5.88,99.89,3737,"[3737] FODEN J. D.:   THE PETROLOGY OF TAMBORA VOLCANO, INDONESIA: A MODEL FOR THE 1815 ERUPTION |  J. VOLCANOL. GEOTHERM. RES. 27    [1986]  1-41  | doi: 10.1016/0377-0273(86)90079-X",NA,NA,NA,NA,NA,"1815"
"59","Kurile Lake",NA,NA,2004,"Ponomareva et al. (2004)","sample 3 (Unit I)",NA,"Kamchatka / Russia / Kurile Lake","Proximal KO deposits",51.85,157.5,51.85,157.5,"SUBAERIAL","VOLCANIC ROCK",NA,"HOLOCENE","WHOLE ROCK",64.62,0.5,15.81,4.02,1.45,0.12,1.51,3.85,0.11,3.06,-6440,4.18,99.23,NA,"The 7600 (14C) year BP Kurile Lake caldera-forming eruption,Kamchatka, Russia: stratigraphy and field relationships, Ponomareva",51.45,157.12,NA,-6440,NA,NA
"60","Kurile Lake",NA,NA,2004,"Ponomareva et al. (2004)","sample 4 (Unit II)",NA,"Kamchatka / Russia / Kurile Lake","Proximal KO deposits",51.85,157.5,51.85,157.5,"SUBAERIAL","VOLCANIC ROCK",NA,"HOLOCENE","WHOLE ROCK",70.19,0.27,14.56,2.26,0.36,0.07,1.79,4.37,0.04,4.19,-6440,1.91,100.01,NA,"The 7600 (14C) year BP Kurile Lake caldera-forming eruption,Kamchatka, Russia: stratigraphy and field relationships, Ponomareva",51.45,157.12,NA,-6440,NA,NA
"61","Kurile Lake",NA,NA,2004,"Ponomareva et al. (2004)","sample 5 (Unit II)",NA,"Kamchatka / Russia / Kurile Lake","Proximal KO deposits",51.85,157.5,51.85,157.5,"SUBAERIAL","VOLCANIC ROCK",NA,"HOLOCENE","WHOLE ROCK",68.46,0.28,15.15,2.47,0.35,0.07,1.68,4.36,0.04,4.48,-6440,1.91,99.25,NA,"The 7600 (14C) year BP Kurile Lake caldera-forming eruption,Kamchatka, Russia: stratigraphy and field relationships, Ponomareva",51.45,157.12,NA,-6440,NA,NA
"62","Kurile Lake",NA,NA,2004,"Ponomareva et al. (2004)","sample 6 (Unit III)",NA,"Kamchatka / Russia / Kurile Lake","Proximal KO deposits",51.85,157.5,51.85,157.5,"SUBAERIAL","VOLCANIC ROCK",NA,"HOLOCENE","WHOLE ROCK",71.46,0.29,14.02,2.42,0.39,0.07,1.92,4.51,0.05,2.85,-6440,1.91,99.89,NA,"The 7600 (14C) year BP Kurile Lake caldera-forming eruption,Kamchatka, Russia: stratigraphy and field relationships, Ponomareva",51.45,157.12,NA,-6440,NA,NA
"63","Kurile Lake",NA,NA,2004,"Ponomareva et al. (2004)","sample 7 (Unit III)",NA,"Kamchatka / Russia / Kurile Lake","Proximal KO deposits",51.85,157.5,51.85,157.5,"SUBAERIAL","VOLCANIC ROCK",NA,"HOLOCENE","WHOLE ROCK",64.81,0.52,16.24,4.45,1.57,0.11,1.45,3.94,0.11,2.55,-6440,4.38,100.13,NA,"The 7600 (14C) year BP Kurile Lake caldera-forming eruption,Kamchatka, Russia: stratigraphy and field relationships, Ponomareva",51.45,157.12,NA,-6440,NA,NA
"64","Kurile Lake",NA,NA,2004,"Ponomareva et al. (2004)","sample 8 (Unit III)",NA,"Kamchatka / Russia / Kurile Lake","Proximal KO deposits",51.85,157.5,51.85,157.5,"SUBAERIAL","VOLCANIC ROCK",NA,"HOLOCENE","WHOLE ROCK",60.01,0.71,19.86,6.89,1.72,0.13,0.76,4.51,0.2,0.49,-6440,5.21,100.49,NA,"The 7600 (14C) year BP Kurile Lake caldera-forming eruption,Kamchatka, Russia: stratigraphy and field relationships, Ponomareva",51.45,157.12,NA,-6440,NA,NA
"65","Kurile Lake",NA,NA,2004,"Ponomareva et al. (2004)","sample 9 (Unit III)",NA,"Kamchatka / Russia / Kurile Lake","Proximal KO deposits",51.85,157.5,51.85,157.5,"SUBAERIAL","VOLCANIC ROCK",NA,"HOLOCENE","WHOLE ROCK",55.05,0.71,19.29,8.85,3.5,0.15,0.58,3.29,0.13,0.57,-6440,7.36,99.48,NA,"The 7600 (14C) year BP Kurile Lake caldera-forming eruption,Kamchatka, Russia: stratigraphy and field relationships, Ponomareva",51.45,157.12,NA,-6440,NA,NA
"66","Kurile Lake",NA,NA,2004,"Ponomareva et al. (2004)","sample 10 (Unit III)",NA,"Kamchatka / Russia / Kurile Lake","Proximal KO deposits",51.85,157.5,51.85,157.5,"SUBAERIAL","VOLCANIC ROCK",NA,"HOLOCENE","WHOLE ROCK",51.95,0.84,17.99,9.88,5.02,0.18,0.45,2.52,0.11,0.16,-6440,9.84,98.94,NA,"The 7600 (14C) year BP Kurile Lake caldera-forming eruption,Kamchatka, Russia: stratigraphy and field relationships, Ponomareva",51.45,157.12,NA,-6440,NA,NA
