"Year","CITATION","SAMPLE NAME","UNIQUE_ID","LOCATION","LOCATION COMMENT","LATITUDE (MIN.)","LONGITUDE (MIN.)","LATITUDE (MAX.)","LONGITUDE (MAX.)","ELEVATION (MIN.)","ELEVATION (MAX.)","SAMPLING TECHNIQUE","LAND/SEA (SAMPLING)","ROCK TYPE","ROCK NAME","ROCK TEXTURE","SAMPLE COMMENT","AGE (MIN.)","AGE (MAX.)","GEOLOGICAL AGE","GEOLOGICAL AGE PREFIX","ALTERATION","ALTERATION TYPE","TYPE OF MATERIAL","MINERAL / COMPONENT","CRYSTAL","PRIMARY/SECONDARY","SIO2(WT%)","TIO2(WT%)","AL2O3(WT%)","CR2O3(WT%)","FE2O3T(WT%)","FE2O3(WT%)","FEOT(WT%)","FEO(WT%)","CAO(WT%)","MGO(WT%)","MNO(WT%)","BAO(WT%)","K2O(WT%)","NA2O(WT%)","P2O5(WT%)","H2O(WT%)","H2OP(WT%)","H2OM(WT%)","CO2(WT%)","C(WT%)","F(WT%)","CL(WT%)","SO3(WT%)","S(WT%)","LOI(WT%)","K(WT%)","LI(PPM)","BE(PPM)","F(PPM)","AR40(CCMSTP/G)","CA(PPM)","SC(PPM)","V(PPM)","CR(PPM)","CO(PPM)","NI(PPM)","CU(PPM)","ZN(PPM)","AS(PPM)","RB(PPM)","SR(PPM)","Y(PPM): altern. values or methods","","","","ZR(PPM)","NB(PPM)","MO(PPM)","RU(PPB)","PD(PPB)","SN(PPM)","CS(PPM)","BA(PPM): altern. values or methods","","","","LA(PPM): altern. values or methods","","","","CE(PPM): altern. values or methods","","","","PR(PPM)","ND(PPM): altern. values or methods","","","","SM(PPM)","EU(PPM)","GD(PPM)","TB(PPM)","DY(PPM)","HO(PPM)","ER(PPM)","TM(PPM)","YB(PPM)","LU(PPM)","HF(PPM)","TA(PPM)","W(PPM)","IR(PPB)","PT(PPB)","AU(PPB)","PB(PPM): altern. values or methods","","","","TH(PPM)","U(PPM)","ND143_ND144","ND143_ND144_INI","EPSILON_ND_INI","SM147_ND144","SR87_SR86","SR87_SR86_INI","EPSILON_SR_INI","RB87_SR86","PB206_PB204","PB207_PB204","PB208_PB204","U238_PB204","D18O(PER MIL)","AGE(KA)","AGE(MA)",
"1971"," [636] OVERSBY V. M. (1971)","samp. UCTD12","","TRINDADE-VITORIA RISE / TRINDADE","","-20.5","-29.3","-20.5","-29.3","","","OUTCROP","SUBAERIAL","VOLCANIC ROCK","ANALCIMITE, OLIVINE","","","","","","","","","WHOLE ROCK","","","","37.63","4.08","9.58","","","4.82","","8.69","12.39","12.97","0.25","","1.72","3.42","1.17","1.91","","","0.73","","","","","","","","","","","","","","","","","","","","","38.4","1255","","","","","","","","","","","","","","","","","","","","","","","","","","","","","","","","","","","","","","","","","","","","","4.11","NOT","","","","2.49","","","","","","","","","18.966","15.546","38.702","","","","",
"1994"," [818] MAURY R. C. (1994)","samp. TB46","","AUSTRAL-COOK ISLANDS / TUBUAI / HERANI","","-23.36","-149.45","-23.36","-149.45","","","OUTCROP","SUBAERIAL","VOLCANIC ROCK","ANALCIMITE","","DIKE","","","","","","","WHOLE ROCK","","","","41.65","3.07","14.98","","14.78","","","","11.13","5.44","0.23","","1.36","4.29","0.85","","","","","","","","","","1.41","","","","","","","","","","","","","","","","","","","","","","","","","","","","","","","","","","","","","","","","","","","","","","","","","","","","","","","","","","","","","","","","","","","","","","","","","","","","","","","","","",
"1994"," [818] MAURY R. C. (1994)","samp. TB31","","AUSTRAL-COOK ISLANDS / TUBUAI / HERANI","","-23.36","-149.45","-23.36","-149.45","","","OUTCROP","SUBAERIAL","VOLCANIC ROCK","ANALCIMITE","","LAVA","","","","","","","WHOLE ROCK","","","","","","","","","","","","","","","","0.92","","","","","","","","","","","","","","","","","5.58E-06","","","","","","","","","","","","","","","","","","","","","","","","","","","","","","","","","","","","","","","","","","","","","","","","","","","","","","","","","","","","","","","","","","","","","","","","","","","11300","",
"1994"," [818] MAURY R. C. (1994)","samp. TB31","","AUSTRAL-COOK ISLANDS / TUBUAI / HERANI","","-23.36","-149.45","-23.36","-149.45","","","OUTCROP","SUBAERIAL","VOLCANIC ROCK","ANALCIMITE","","LAVA","","","","","","","WHOLE ROCK","","","","","","","","","","","","","","","","0.92","","","","","","","","","","","","","","","","","2.83E-06","","","","","","","","","","","","","","","","","","","","","","","","","","","","","","","","","","","","","","","","","","","","","","","","","","","","","","","","","","","","","","","","","","","","","","","","","","","12080","",
"1997"," [1577] CAROFF M. (1997)","samp. TB-102","","AUSTRAL-COOK ISLANDS / TUBUAI / TAITAA","","-23.39","-149.47","-23.39","-149.47","","","OUTCROP","SUBAERIAL","VOLCANIC ROCK","ANALCIMITE","","","","","","","","","WHOLE ROCK","","","","41","4","15.15","","14.7","","","","11.45","6.16","0.22","","1.38","3.7","0.63","","","","","","","","","","1.6","","","","","","","15","","5","46","40","","","","30","890","31.5","ICPAES","","","260","91","","","","","","460","ICPAES","","","65","ICPAES","","","130","ICPAES","","","","63","ICPAES","","","","3.35","","","7","","2.8","","2.13","","","","","","","","","","","","7.2","","","","","","","","","","","","","","","","",
"1997"," [1577] CAROFF M. (1997)","samp. TB-24","","AUSTRAL-COOK ISLANDS / TUBUAI / TAITAA","","-23.39","-149.47","-23.39","-149.47","","","OUTCROP","SUBAERIAL","VOLCANIC ROCK","ANALCIMITE","","","","","","","","","WHOLE ROCK","","","","41","3.51","15.2","","15","","","","11.15","6.25","0.23","","1.2","3.85","0.64","","","","","","","","","","1.64","","","","","","","17","","11","47","35","","","","25","875","33.5","ICPAES","","","280","94","","","","","","460","ICPAES","","","69","ICPAES","","","138","ICPAES","","","","65","ICPAES","","","","3.45","","","7","","3","","2.17","","","","","","","","","","","","8","","","","","","","","","","","","","","","","",
"1997"," [1577] CAROFF M. (1997)","samp. TB-211","","AUSTRAL-COOK ISLANDS / TUBUAI / TAITAA","","-23.39","-149.47","-23.39","-149.47","","","OUTCROP","SUBAERIAL","VOLCANIC ROCK","ANALCIMITE","","","","","","","","","WHOLE ROCK","","","","41.8","3.98","15.55","","14.65","","","","11.15","5.79","0.22","","1.42","4","0.67","","","","","","","","","","0.63","","","","","","","16.8","","7","47","45","","","","33","915","32.5","ICPAES","","","267","95","","","","","","497","ICPAES","","","66","ICPAES","","","130","ICPAES","","","","64","ICPAES","","","","3.43","","","6.7","","3.1","","2.25","","","","","","","","","","","","7.4","","","","","","","","","","","","","","","","",
"1997"," [1577] CAROFF M. (1997)","samp. TB-243","","AUSTRAL-COOK ISLANDS / TUBUAI / TAITAA","","-23.39","-149.47","-23.39","-149.47","","","OUTCROP","SUBAERIAL","VOLCANIC ROCK","ANALCIMITE","","","","","","","","","WHOLE ROCK","","","","41.1","3.48","15.35","","14.9","","","","11.34","6.03","0.23","","1.25","3.95","0.65","","","","","","","","","","1.36","","","","","","","16","","9","48","33","","","","29.5","870","32.5","ICPAES","","","275","95","","","","","","445","ICPAES","","","70","ICPAES","","","135","ICPAES","","","","63","ICPAES","","","","3.51","","","6.7","","3.2","","2.2","","","","","","","","","","","","8","","","","","","","","","","","","","","","","",
"1997"," [1577] CAROFF M. (1997)","samp. TB-140","","AUSTRAL-COOK ISLANDS / TUBUAI / TAITAA","","-23.39","-149.47","-23.39","-149.47","","","OUTCROP","SUBAERIAL","VOLCANIC ROCK","ANALCIMITE","","","","","","","","","WHOLE ROCK","","","","41","2.98","14.4","","15.4","","","","10.9","4.8","0.26","","1.52","4.58","1.03","","","","","","","","","","2.77","","","","","","","9","","6","43","26","","","","59","1075","40","ICPAES","","","400","143","","","","","","600","ICPAES","","","107","ICPAES","","","205","ICPAES","","","","89","ICPAES","","","","4.5","","","8.7","","3.5","","2.55","","","","","","","","","","","","14.3","","","","","","","","","","","","","","","","",
"1997"," [1577] CAROFF M. (1997)","samp. TB-46","","AUSTRAL-COOK ISLANDS / TUBUAI / TAITAA","","-23.39","-149.47","-23.39","-149.47","","","OUTCROP","SUBAERIAL","VOLCANIC ROCK","ANALCIMITE","","","","","","","","","WHOLE ROCK","","","","41.5","3.08","14.95","","14.7","","","","11.3","5.57","0.22","","1.55","4.8","0.75","","","","","","","","","","1.41","","","","","","","15","","11","44","47","","","","50","910","35","ICPAES","","","334","116","","","","","","530","ICPAES","","","86","ICPAES","","","168","ICPAES","","","","72","ICPAES","","","","3.7","","","7.3","","3","","2.45","","","","","","","","","","","","11","","","","","","","","","","","","","","","","",
"1997"," [1577] CAROFF M. (1997)","samp. TB-131","","AUSTRAL-COOK ISLANDS / TUBUAI / TAITAA","","-23.39","-149.47","-23.39","-149.47","","","OUTCROP","SUBAERIAL","VOLCANIC ROCK","ANALCIMITE","","","","","","","","","WHOLE ROCK","","","","41","3.29","13","","14.95","","","","14","7","0.22","","1.1","3.8","0.62","","","","","","","","","","1.29","","","","","","","29","","110","52","89","","","","28.5","810","32","ICPAES","","","300","97","","","","","","450","ICPAES","","","75","ICPAES","","","145","ICPAES","","","","65","ICPAES","","","","3.5","","","6.9","","2.8","","2.1","","","","","","","","","","","","8.7","","","","","","","","","","","","","","","","",
"1997"," [1577] CAROFF M. (1997)","samp. TB-124","","AUSTRAL-COOK ISLANDS / TUBUAI / TAITAA","","-23.39","-149.47","-23.39","-149.47","","","OUTCROP","SUBAERIAL","VOLCANIC ROCK","ANALCIMITE","","","","","","","","","WHOLE ROCK","","","","40.25","3.5","12.8","","16","","","","13","7.5","0.23","","1.42","4.6","0.74","","","","","","","","","","0.4","","","","","","","19","","112","50","80","","","","38","960","31.5","ICPAES","","","310","109","","","","","","465","ICPAES","","","82","ICPAES","","","166","ICPAES","","","","77","ICPAES","","","","4","","","7.4","","2.8","","1.9","","","","","","","","","","","","10","","","","","","","","","","","","","","","","",
"1970"," [2582] MITCHELL-THOME R. C. (1970)","samp. 7","","TRINDADE-VITORIA RISE / TRINDADE","DIKE, NORTHCOAST OF PORTUGUESES BAY","-20.5","-29.3","-20.5","-29.3","","","OUTCROP","SUBAERIAL","VOLCANIC ROCK","ANALCIMITE, OLIVINE","HOLOCRYSTALLINE","","","","","","","","WHOLE ROCK","","","","38.8","3.6","14.53","","","5.88","","7.97","11.6","6.44","0.2","","0.61","5.42","1.23","","2.35","1.35","","","","","","","","","","","","","","","","","","","","","","","","","","","","","","","","","","","","","","","","","","","","","","","","","","","","","","","","","","","","","","","","","","","","","","","","","","","","","","","","","","","","","","","","",
"1970"," [2582] MITCHELL-THOME R. C. (1970)","samp. 8","","TRINDADE-VITORIA RISE / TRINDADE","DIKE, SCARP TOI SOUTHWEST OF HILL 345","-20.5","-29.3","-20.5","-29.3","","","OUTCROP","SUBAERIAL","VOLCANIC ROCK","ANALCIMITE","MASSIVE, QUASI-APHANITIC, HOLOCRYSTALLINE, MICROPHYRIC","","","","","","","","WHOLE ROCK","","","","39","2.5","16.05","","","5.95","","5.38","9.92","5.71","0.15","","1.32","4.19","0.78","","2.75","3.85","","","","0.3","0.04","","1.4","","","","","","","","","","","","","","","","","","","","","","","","","","","","","","","","","","","","","","","","","","","","","","","","","","","","","","","","","","","","","","","","","","","","","","","","","","","","","","","","","",
"1970"," [2582] MITCHELL-THOME R. C. (1970)","samp. 9","","TRINDADE-VITORIA RISE / TRINDADE","DIKE, CENTRAL PLATEAU, BEFORE MONUMENTO","-20.5","-29.3","-20.5","-29.3","","","OUTCROP","SUBAERIAL","VOLCANIC ROCK","ANALCIMITE","MASSIVE, QUASI-APHANITIC, HOLOCRYSTALLINE, MICROPHYRIC","","","","","","","","WHOLE ROCK","","","","40.6","3.3","17.03","","","4.99","","6.03","9.8","5.28","0.2","","0.71","5.23","0.67","","3.15","2.85","","","","","","","","","","","","","","","","","","","","","","","","","","","","","","","","","","","","","","","","","","","","","","","","","","","","","","","","","","","","","","","","","","","","","","","","","","","","","","","","","","","","","","","","",
"1970"," [2582] MITCHELL-THOME R. C. (1970)","samp. 18","","TRINDADE-VITORIA RISE / TRINDADE","WEST SLOPE OF MORRO DESEJADO","-20.5","-29.3","-20.5","-29.3","","","OUTCROP","SUBAERIAL","VOLCANIC ROCK","ANALCIMITE","MASSIVE, APHANITIC, MICROPHYRIC","","","","","","","","WHOLE ROCK","","","","49.4","0.8","21.16","","","3.29","","1.58","3.52","1.52","0.15","","2.75","8.16","0.25","","2.3","3.1","","","","","","","1.4","","","","","","","","","","","","","","","","","","","","","","","","","","","","","","","","","","","","","","","","","","","","","","","","","","","","","","","","","","","","","","","","","","","","","","","","","","","","","","","","","",
"1970"," [2582] MITCHELL-THOME R. C. (1970)","samp. 3","","CAMEROON LINE / SAO TOME","","0.42","6.58","0.42","6.58","","","OUTCROP","SUBAERIAL","VOLCANIC ROCK","ANALCIMITE","","","","","","","","","WHOLE ROCK","","","","55.82","0.9","20.74","","","1.91","","1.95","2.62","0.63","0.14","","4.99","8.81","0.14","","0.89","0.66","","","","","","","","","","","","","","","","","","","","","","","","","","","","","","","","","","","","","","","","","","","","","","","","","","","","","","","","","","","","","","","","","","","","","","","","","","","","","","","","","","","","","","","","",
"1970"," [2582] MITCHELL-THOME R. C. (1970)","samp. 4","","CAMEROON LINE / SAO TOME","","0.42","6.58","0.42","6.58","","","OUTCROP","SUBAERIAL","VOLCANIC ROCK","ANALCIMITE","","","","","","","","","WHOLE ROCK","","","","56.16","0.88","20.36","","","2.04","","1.79","2.3","1.01","0.12","","5.79","7.8","0.1","","0.98","0.41","","","","","0.13","","","","","","","","","","","","","","","","","","","","","","","","","","","","","","","","","","","","","","","","","","","","","","","","","","","","","","","","","","","","","","","","","","","","","","","","","","","","","","","","","","","",
"1995 "," [2977] BASU A. R.(1995)  [GeoReM [229] ]","samp. 3005/10","","SIBERIAN TRAPS / PUTORANA REGION","MAIMECHA-KOTUI REGION, MAIMECHA RIVER BASIN","72","101","72","101","","","OUTCROP","SUBAERIAL","VOLCANIC ROCK","ANALCIMITE, NEPHELINE","","","","","","","","","WHOLE ROCK","","","","","","","","","","","","","","","","","","","","","","","","","","","","","","","","","","","","","","","","","","","54.93","1761.9","","","","","","","","","","","","","","","","","","","","","","","","","122.67","ICPMS","","","18.56","","","","","","","","","","","","","","","","","","","","","","0.512546","","","0.0915","0.704598","","","0.0897","","","","","","","",
"1984"," [4435] ONUMA N. (1984)","samp. CV-03","","ANDEAN ARC / CENTRAL ANDEAN VOLCANIC ZONE / PERU","S OF PUJRO","-15.6083","-71.86","-15.6083","-71.86","","","OUTCROP","SUBAERIAL","VOLCANIC ROCK","ANALCIMITE, NEPHELINE","","","","","","","","","WHOLE ROCK","","","","","","","","","","","","","","","","","","","","","","","","","","","","","","","","","","26900","","","","","","","","","","635","","","","","","","","","","","","961","ICPAES","","","","","","","","","","","","","","","","","","","","","","","","","","","","","","","","","","","","","","","","","","","","","","","","","","","","",
"1985"," [4820] MCDONOUGH W. F. (1985)","samp. 71-10","145695","AUSTRALIA / EASTERN AUSTRALIAN CENOZOIC VOLCANIC ZONE / VICTORIA / NEWER VOLCANIC PROVINCE - MOUNT WATCH / NORTHERN PROVINCE","","-37.65","140.45","-37.75","140.6","","","OUTCROP","SUBAERIAL","VOLCANIC ROCK","ANALCIMITE, OLIVINE","","","","","","","","","WHOLE ROCK","","","","43.85","3.64","9.17","","","2.39","","9.57","10.33","15.54","0.17","","0.35","4.14","0.84","","1.33","0.88","0.05","","","","","","","","","","","","","","264","535","","460","57","107","","40","804","22","XRF","22","SSMS","327","76","","","","","1.12","820","XRF","894","SSMS","63","XRF","62","SSMS","138","XRF","125","SSMS","16","64.9","MS_ID","65.2","SSMS","11.6","3.41","6.8","1.23","5.2","0.91","2.14","","1.79","","6.44","","","","","","5","XRF","4.55","SSMS","7.25","1.67","0.51193","","","","0.7045","","","","","","","","","","",
"1985"," [4820] MCDONOUGH W. F. (1985)","samp. 70-1174","145696","AUSTRALIA / EASTERN AUSTRALIAN CENOZOIC VOLCANIC ZONE / VICTORIA / NEWER VOLCANIC PROVINCE","","-37","140","-39","148","","","OUTCROP","SUBAERIAL","VOLCANIC ROCK","ANALCIMITE, OLIVINE","","","","","","","","","WHOLE ROCK","","","","43.75","3.68","9.37","","","2.5","","10","10.66","15.18","0.18","","0.39","3.4","0.88","","1.85","1.17","0.11","","","","","","","","","","","","","","264","540","","496","53","108","","29","1200","21","XRF","","","327","76","","","","","","875","XRF","","","65","XRF","","","137","XRF","","","","","","","","","","","","","","","","","","","","","","","","5","XRF","","","","","","","","","","","","","","","","","","","",
"1985"," [4820] MCDONOUGH W. F. (1985)","samp. 71-8","","AUSTRALIA / EASTERN AUSTRALIAN CENOZOIC VOLCANIC ZONE / VICTORIA / NEWER VOLCANIC PROVINCE - MOUNT MCINTYRE / NORTHERN PROVINCE","","-37.55","140.55","-37.55","140.55","","","OUTCROP","SUBAERIAL","VOLCANIC ROCK","ANALCIMITE, OLIVINE","","","","","","","","","WHOLE ROCK","","","","44.09","3.87","10.56","","","2.42","","9.69","11.88","12.03","0.18","","0.36","3.89","1.02","","1.75","1.46","0.05","","","","","","","","","","","","","","263","292","","250","68","102","","10","1021","24","XRF","28","SSMS","354","86","","","","","1.15","855","XRF","893","SSMS","69","XRF","68","SSMS","153","XRF","127","SSMS","18.2","68","MS_ID","67.8","SSMS","11.7","3.33","6.8","1.21","5","0.89","1.91","","1.62","","6.71","","","","","","5","XRF","5.82","SSMS","7.14","1.34","0.511971","","","","0.70434","","","","","","","","","","",
"1985"," [4820] MCDONOUGH W. F. (1985)","samp. 71-10","145695","AUSTRALIA / EASTERN AUSTRALIAN CENOZOIC VOLCANIC ZONE / VICTORIA / NEWER VOLCANIC PROVINCE - MOUNT WATCH / NORTHERN PROVINCE","","-37.65","140.45","-37.75","140.6","","","OUTCROP","SUBAERIAL","VOLCANIC ROCK","ANALCIMITE, OLIVINE","","","","","","","","","WHOLE ROCK","","","","","","","","","","","","","","","","","","","","","","","","","","","","","","","","","","","","","","","","","","","","","","","","","","","","","","","","","","","","","","","","","","","","","","","","","","","","","","","","","","","","","","","","","","","","","","","","","","","0.70434","","","","","","","","","","",
"1997"," [7619] VOGEL D. C. (1997)","samp. 70-1174","145696","AUSTRALIA / EASTERN AUSTRALIAN CENOZOIC VOLCANIC ZONE / VICTORIA / NEWER VOLCANIC PROVINCE","","-37","140","-39","148","","","OUTCROP","SUBAERIAL","VOLCANIC ROCK","ANALCIMITE","","CONES BASALT","2000000","3000000","PLIOCENE-PLEISTOCENE","","","","WHOLE ROCK","","","","43.75","3.68","","","12.5","","","","10.66","15.18","0.18","","0.39","3.4","0.88","","","","","","","","","","0.79","","","","","","","","264","540","78","496","53","108","","29","1200","21","XRF","","","327","76","","0.41","1.49","","","875","XRF","","","","","","","","","","","","","","","","","","","","","","","","","","","","","0.058","2.18","0.391","","","","","","","","","","","","","","","","","","","","","",
"2004"," [7696] CVETKOVIC V. (2004)","samp. 91","","DINARIDES / INNER DINARIDES / SERBIA","DRUZETICI","44.0275","20.1553","44.0275","20.1553","","","OUTCROP","SUBAERIAL","VOLCANIC ROCK","ANALCIMITE","","","","","CENOZOIC","","","","WHOLE ROCK","","","","","","","","","","","","","","","","","","","","","","","","","","","","","0.29","","","","2.71E-07","","","","","","","","","","","","","","","","","","","","","","","","","","","","","","","","","","","","","","","","","","","","","","","","","","","","","","","","","","","","","","","","","","","","","","","","","","","","23.9",
"2004"," [7696] CVETKOVIC V. (2004)","samp. 73/10","","DINARIDES / INNER DINARIDES / SERBIA","NOVA VAROS","43.2128","19.9695","43.2128","19.9695","","","OUTCROP","SUBAERIAL","VOLCANIC ROCK","ANALCIMITE","","","","","CENOZOIC","","","","WHOLE ROCK","","","","43.47","1.58","11.99","","13.37","","","","10.46","12.16","0.15","","1.75","3.4","1.34","","","","","","","","","","0.53","1.49","","","","1.256E-06","","","","429","","202","","","","62","756","26","XRF","","","266","35","","","","","","1077","XRF","","","78.8","ICPMS","","","166","ICPMS","","","16.3","64.2","ICPMS","","","9.73","2.43","6.76","","5.2","1.1","2.74","","2.09","0.34","","","","","","","","","","","","","","0.51261","","","","0.70629","","","","","","","","","21.52",
"2004"," [7696] CVETKOVIC V. (2004)","samp. 32","","DINARIDES / INNER DINARIDES / SERBIA","TRIJEBINE","43.2183","19.9278","43.2183","19.9278","","","OUTCROP","SUBAERIAL","VOLCANIC ROCK","ANALCIMITE","","","","","CENOZOIC","","","","WHOLE ROCK","","","","44.57","1.57","12.64","","11.95","","","","14.28","8.26","0.14","","0.96","2.76","1.16","","","","","","","","","","1.51","0.77","","","","6.94E-07","","","","422","","239","","","","162","1007","31","XRF","","","339","37","","","","","","1170","XRF","","","85.3","ICPMS","","","200.9","ICPMS","","","19.6","92.1","ICPMS","","","14.92","3.85","9.71","","6.67","1.34","3.36","","2.31","0.38","","","","","","","","","","","","","","0.51259","","","","0.70585","","","","","","","","","22.95",
"1984"," [8205] IRVING A. J. (1984)","samp. SM-37","","AUSTRALIA / EASTERN AUSTRALIAN CENOZOIC VOLCANIC ZONE / VICTORIA / CENTRAL VOLCANIC PROVINCE - SPRING MOUNT","SPRING MOUNT","-35.4","138.5","-35.5","138.6","","","OUTCROP","SUBAERIAL","VOLCANIC ROCK","ANALCIMITE, OLIVINE","","","","","","","","","WHOLE ROCK","","","","46.4","1.87","15.73","0.01","","","10.95","","5.68","4.88","0.19","","2.72","5.12","0.92","","5.53","","","","","","","","","","","","","","","11.8","","71","33","","","","","","","","","","","","","","","","","","310","XRF","","","72","INAA","","","115","INAA","","","","44.1","INAA","","","8.56","2.92","","1.08","","","","","2.22","0.32","9","5.9","","","","","","","","","7.4","","","","","","","","","","","","","","","","",
"1984"," [8205] IRVING A. J. (1984)","samp. M3","176261","AUSTRALIA / EASTERN AUSTRALIAN CENOZOIC VOLCANIC ZONE / NEW SOUTH WALES","MURRUMBURRAH","-34.55","148.33","-34.55","148.33","","","OUTCROP","SUBAERIAL","VOLCANIC ROCK","ANALCIMITE, OLIVINE","","DIKE","","","","","","","WHOLE ROCK","","","","","","","","","","","","","","","","","","","","","","","","","","","","","","","","","","","16.4","","222","65","","","","","","","","","","","","","","","","","","1420","XRF","","","68.9","INAA","","","130","INAA","","","","55","INAA","","","10.3","3.27","","0.67","","0.6","","","1.27","0.16","5.9","5.9","","","","","","","","","8.3","","","","","","","","","","","","","","","","",
"1984"," [8205] IRVING A. J. (1984)","samp. SM8","176292","AUSTRALIA / EASTERN AUSTRALIAN CENOZOIC VOLCANIC ZONE / VICTORIA / CENTRAL VOLCANIC PROVINCE - SPRING MOUNT","SPRING MOUNT","-35.4","138.5","-35.5","138.6","","","OUTCROP","SUBAERIAL","VOLCANIC ROCK","ANALCIMITE, OLIVINE","","","","","","","","","MINERAL / COMPONENT (INCL. GROUNDMASS)","AMPHIBOLE","MACROCRYST","PRIMARY","39.9","5.8","14.3","0","","2.48","","9.68","9.8","11.8","0.11","","1.69","2.8","","","","","","","","","","","","","","","","","","22","","3","68","41","","","","","","","","","","","","","","","","","","","","","4.75","INAA","","","16.3","INAA","","","","","","","","4.89","1.77","","0.92","","","","","1.2","0.16","2.5","1.3","","","","","","","","","0.33","","","","","","","","","","","","","","","","",
"1984"," [8205] IRVING A. J. (1984)","samp. MUR-4","","AUSTRALIA / EASTERN AUSTRALIAN CENOZOIC VOLCANIC ZONE / NEW SOUTH WALES","MURRUMBURRAH","-34.55","148.33","-34.55","148.33","","","OUTCROP","SUBAERIAL","VOLCANIC ROCK","ANALCIMITE, OLIVINE","","DIKE","","","","","","","MINERAL / COMPONENT (INCL. GROUNDMASS)","MICA","MACROCRYST","PRIMARY","36.8","8.1","14.4","0","","","10.9","","0","15","0.05","0.27","9.3","0.8","","","","","","","","","","","","","","","","","","2.84","","19.8","101","375","","","","","","","","","","","","","","","","","2380","INAA","","","2.35","INAA","","","3.5","INAA","","","","","","","","0.921","0.105","","","","","","","0.052","0.005","0.67","1.4","","","","","","","","","0.43","","","","","","","","","","","","","","","","",
"1979"," [8586] SHRBENY O. (1979)","samp. 38","","EUROPEAN OROGENIC BELT - CENOZOIC/QUATERNARY / CZECH REPUBLIC / BOHEMIAN MASSIF","LYSINA NEAR JAVORNA, NNW OF TOUZIM","49.2","13.32","49.2","13.32","753","753","OUTCROP","SUBAERIAL","VOLCANIC ROCK","ANALCIMITE, NEPHELINE-OLIVINE","","","","","CENOZOIC","","","","WHOLE ROCK","","","","41.27","3.57","12.04","","","5.18","","7.44","13.46","7.64","0.18","","0.65","2.98","0.73","","1.92","0.86","1.64","","0.12","","","0.03","","","","2","","","","","","204","","73","111","98","","40","725","20","XRF","","","187","81","0","","","","","940","AES","","","","","","","","","","","","","","","","","","","","","","","","","","","","","","","","","","","","","","","","","","","","","","","","","","","","",
"1976"," [8629] STUCKLESS J. S. (1976)","samp. 71-10","145695","AUSTRALIA / EASTERN AUSTRALIAN CENOZOIC VOLCANIC ZONE / VICTORIA / NEWER VOLCANIC PROVINCE - MOUNT WATCH / NORTHERN PROVINCE","","-37.65","140.45","-37.75","140.6","","","OUTCROP","SUBAERIAL","VOLCANIC ROCK","ANALCIMITE, OLIVINE","","","","","NEOGENE","","","","WHOLE ROCK","","","","","","","","","","","","","","","","","","","","","","","","","","","","","0.28","","","","","","","","","","","","","","42.4","795","","","","","","","","","","","","","","","","","","","","","","","","","","","","","","","","","","","","","","","","","","","","","","","","","","","","","","","0.7044","","","","","","","","","","",
"1971"," [9574] EHRENBERG K.-H. (1971)","samp. 12","","EUROPEAN OROGENIC BELT - CENOZOIC/QUATERNARY / GERMANY / HESSIAN DEPRESSION","WARTBERG NEAR NAUMBURG","51.25","9.17","51.25","9.17","","","OUTCROP","SUBAERIAL","VOLCANIC ROCK","ANALCIMITE, OLIVINE","","","","","CENOZOIC","","","","WHOLE ROCK","","","","42.9","1.4","15","","","5.09","","5.26","11.45","9.45","0.25","","1.4","3.69","1.07","","1.63","0.97","","","","","","","","","","","","","","","","","","","","","","","","","","","","","","","","","","","","","","","","","","","","","","","","","","","","","","","","","","","","","","","","","","","","","","","","","","","","","","","","","","","","","","","","",
"1971"," [9574] EHRENBERG K.-H. (1971)","samp. 13","","EUROPEAN OROGENIC BELT - CENOZOIC/QUATERNARY / GERMANY / HESSIAN DEPRESSION","WARTBERG NEAR NAUMBURG","51.25","9.17","51.25","9.17","","","OUTCROP","SUBAERIAL","VOLCANIC ROCK","ANALCIMITE, OLIVINE","","","","","CENOZOIC","","","","WHOLE ROCK","","","","41.8","2.53","13.3","","","5.41","","5.15","11.4","11.5","0.2","","0.74","3.66","1.1","","1.7","0.92","","","","","","","","","","","","","","","","","","","","","","","","","","","","","","","","","","","","","","","","","","","","","","","","","","","","","","","","","","","","","","","","","","","","","","","","","","","","","","","","","","","","","","","","",
"1986"," [10165] NELSON D. R. (1986)","samp. HH-321","","AUSTRALIA / EASTERN AUSTRALIAN CENOZOIC VOLCANIC ZONE / QUEENSLAND","INGLEWOOD","-28.42","151.08","-28.42","151.08","","","OUTCROP","SUBAERIAL","VOLCANIC ROCK","ANALCIMITE","VITROPHYRIC","","","","CENOZOIC","","","","WHOLE ROCK","","","","","","","","","","","","","","","","","","","","","","","","","","","","","","","","","","","","","","","","","","","56.1","1492","","","","","","","","","","","","","","","","","","","","","","","","","90.9","TIMS_ID","","","15.9","","","","","","","","","","","","","","","","6.92","TIMS_ID","","","","3.19","0.51177","","","0.1057","0.70518","","","0.109","19.156","15.631","39.522","34.5","","","",
"1986"," [10165] NELSON D. R. (1986)","samp. 70-139","","AUSTRALIA / EASTERN AUSTRALIAN CENOZOIC VOLCANIC ZONE / NEW SOUTH WALES","HARDEN","-34.57","148.37","-34.57","148.37","","","OUTCROP","SUBAERIAL","VOLCANIC ROCK","ANALCIMITE, OLIVINE","","","","","JURASSIC","LOWER","","","WHOLE ROCK","","","","","","","","","","","","","","","","","","","","","","","","","","","","","","","","","","","","","","","","","","","96","816","","","","","","","","","","","","","","","","","","","","","","","","","49.3","TIMS_ID","","","9.21","","","","","","","","","","","","","","","","","","","","","","0.51185","","","0.1139","0.70522","","","0.423","19.015","15.579","38.445","","","","",
"1982"," [13412] SHRBENY O. (1982)","samp. 34","","EUROPEAN OROGENIC BELT - CENOZOIC/QUATERNARY / CZECH REPUBLIC / BOHEMIAN MASSIF","SLOZISTE, NW OF OLESKA, DOUPOVSKE HORY MOUNTAINS","50.25","13.17","50.25","13.17","","","OUTCROP","SUBAERIAL","VOLCANIC ROCK","ANALCIMITE","","","","","CENOZOIC","","","","WHOLE ROCK","","","","43.98","3.64","11.88","","","4.16","","6.61","13.08","7.58","0.18","","1.43","3.01","0.62","","2.72","0.36","0.03","","0.15","","","0.03","","","","","","","","","","","","","","","","","","","","","","","","","","","","","","","","","","","","","","","","","","","","","","","","","","","","","","","","","","","","","","","","","","","","","","","","","","","","","","","","","","",
"1982"," [13412] SHRBENY O. (1982)","samp. 35","","EUROPEAN OROGENIC BELT - CENOZOIC/QUATERNARY / CZECH REPUBLIC / BOHEMIAN MASSIF","HORA, WNW OF TELCOV, DOUPOVSKE HORY MOUNTAINS","50.25","13.17","50.25","13.17","","","OUTCROP","SUBAERIAL","VOLCANIC ROCK","ANALCIMITE","","","","","CENOZOIC","","","","WHOLE ROCK","","","","42.35","3.98","13.44","","","8.58","","4.33","12.05","5.32","0.21","","1.09","2.53","0.76","","2.71","1.82","0.02","","0.16","","","0.01","","","","","","","","","","","","","","","","","","","","","","","","","","","","","","","","","","","","","","","","","","","","","","","","","","","","","","","","","","","","","","","","","","","","","","","","","","","","","","","","","","",
"1982"," [13412] SHRBENY O. (1982)","samp. 36","","EUROPEAN OROGENIC BELT - CENOZOIC/QUATERNARY / CZECH REPUBLIC / BOHEMIAN MASSIF","PEKELNY VRCH, E OF LIPOLTOV, DOUPOVSKE HORY MOUNTAINS","50.25","13.17","50.25","13.17","","","OUTCROP","SUBAERIAL","VOLCANIC ROCK","ANALCIMITE","","","","","CENOZOIC","","","","WHOLE ROCK","","","","41.87","3.76","11.67","","","7.74","","5.28","13.54","7.16","0.22","","0.81","2.82","0.61","","2.28","1.31","0.1","","0.16","","","0.03","","","","","","","","","","","","","","","","","","","","","","","","","","","","","","","","","","","","","","","","","","","","","","","","","","","","","","","","","","","","","","","","","","","","","","","","","","","","","","","","","","",
"1982"," [13412] SHRBENY O. (1982)","samp. 37","","EUROPEAN OROGENIC BELT - CENOZOIC/QUATERNARY / CZECH REPUBLIC / BOHEMIAN MASSIF","TRAVNIK, NW OF ANDELSKA, DOUPOVSKE HORY MOUNTAINS","50.25","13.17","50.25","13.17","","","OUTCROP","SUBAERIAL","VOLCANIC ROCK","ANALCIMITE","","","","","CENOZOIC","","","","WHOLE ROCK","","","","41.36","3.96","11.88","","","6.83","","6.18","13.48","6.95","0.23","","0.55","3.84","0.86","","2.03","0.8","0.85","","0.15","","","0.03","","","","","","","","","","","","","","","","","","","","","","","","","","","","","","","","","","","","","","","","","","","","","","","","","","","","","","","","","","","","","","","","","","","","","","","","","","","","","","","","","","",
"1982"," [13412] SHRBENY O. (1982)","samp. 38","","EUROPEAN OROGENIC BELT - CENOZOIC/QUATERNARY / CZECH REPUBLIC / BOHEMIAN MASSIF","HILL 711, W OF TESETICE, DOUPOVSKE HORY MOUNTAINS","50.25","13.17","50.25","13.17","","","OUTCROP","SUBAERIAL","VOLCANIC ROCK","ANALCIMITE","","","","","CENOZOIC","","","","WHOLE ROCK","","","","41.21","4.25","12.07","","","5.81","","6.18","12.96","7.02","0.22","","0.58","3.71","0.8","","2.18","0.98","2.05","","0.14","","","0.04","","","","","","","","","","","","","","","","","","","","","","","","","","","","","","","","","","","","","","","","","","","","","","","","","","","","","","","","","","","","","","","","","","","","","","","","","","","","","","","","","","",
"1982"," [13412] SHRBENY O. (1982)","samp. 39","","EUROPEAN OROGENIC BELT - CENOZOIC/QUATERNARY / CZECH REPUBLIC / BOHEMIAN MASSIF","SPICAK, SE OF MIKULOVICE, DOUPOVSKE HORY MOUNTAINS","50.25","13.17","50.25","13.17","","","OUTCROP","SUBAERIAL","VOLCANIC ROCK","ANALCIMITE","","","","","CENOZOIC","","","","WHOLE ROCK","","","","40.59","3.96","11.35","","","6.39","","6.72","14.58","7.85","0.19","","0.6","3.33","0.72","","2.16","0.98","0.59","","0.15","","","0.04","","","","","","","","","","","","","","","","","","","","","","","","","","","","","","","","","","","","","","","","","","","","","","","","","","","","","","","","","","","","","","","","","","","","","","","","","","","","","","","","","","",
"1982"," [13412] SHRBENY O. (1982)","samp. 40","","EUROPEAN OROGENIC BELT - CENOZOIC/QUATERNARY / CZECH REPUBLIC / BOHEMIAN MASSIF","MLYNSKY VRCH, SE OF RADOSOV, DOUPOVSKE HORY MOUNTAINS","50.25","13.17","50.25","13.17","","","OUTCROP","SUBAERIAL","VOLCANIC ROCK","ANALCIMITE","","","","","CENOZOIC","","","","WHOLE ROCK","","","","40.17","4.58","12.94","","","6.6","","5.05","13.46","6.47","0.21","","1.37","2.15","0.8","","2.97","2.15","0.28","","0.15","","","0.02","","","","","","","","","","","","","","","","","","","","","","","","","","","","","","","","","","","","","","","","","","","","","","","","","","","","","","","","","","","","","","","","","","","","","","","","","","","","","","","","","","",
"1982"," [13412] SHRBENY O. (1982)","samp. 41","","EUROPEAN OROGENIC BELT - CENOZOIC/QUATERNARY / CZECH REPUBLIC / BOHEMIAN MASSIF","ZNELEC, NNE OF BREZINA, DOUPOVSKE HORY MOUNTAINS","50.25","13.17","50.25","13.17","","","OUTCROP","SUBAERIAL","VOLCANIC ROCK","ANALCIMITE","","","","","CENOZOIC","","","","WHOLE ROCK","","","","40.11","4.39","11.96","","","8.79","","4.74","13.35","6.92","0.22","","1.78","2.79","0.88","","1.66","1.26","0.35","","0.2","","","0.01","","","","","","","","","","","","","","","","","","","","","","","","","","","","","","","","","","","","","","","","","","","","","","","","","","","","","","","","","","","","","","","","","","","","","","","","","","","","","","","","","","",
"1982"," [13412] SHRBENY O. (1982)","samp. 42","","EUROPEAN OROGENIC BELT - CENOZOIC/QUATERNARY / CZECH REPUBLIC / BOHEMIAN MASSIF","HILL 631, N OF CICHALOV, DOUPOVSKE HORY MOUNTAINS","50.25","13.17","50.25","13.17","","","OUTCROP","SUBAERIAL","VOLCANIC ROCK","ANALCIMITE","","","","","CENOZOIC","","","","WHOLE ROCK","","","","39.11","4.34","11.36","","","6.46","","7.94","14.22","8.14","0.23","","0.73","3.59","0.97","","2","0.74","0.22","","0.17","","","0.03","","","","","","","","","","","","","","","","","","","","","","","","","","","","","","","","","","","","","","","","","","","","","","","","","","","","","","","","","","","","","","","","","","","","","","","","","","","","","","","","","","",
"1982"," [13412] SHRBENY O. (1982)","samp. 43","","EUROPEAN OROGENIC BELT - CENOZOIC/QUATERNARY / CZECH REPUBLIC / BOHEMIAN MASSIF","REDNICE, DOUPOVSKE HORY MOUNTAINS","50.25","13.17","50.25","13.17","","","OUTCROP","SUBAERIAL","VOLCANIC ROCK","ANALCIMITE","","","","","CENOZOIC","","SLIGHTLY ALTERED","","WHOLE ROCK","","","","41.16","4.23","11.7","","","6.47","","5.24","14.47","7.19","0.19","","1.32","2.05","0.57","","3.31","1.24","0.03","","0.12","","","0.02","","","","","","","","","","","","","","","","","","","","","","","","","","","","","","","","","","","","","","","","","","","","","","","","","","","","","","","","","","","","","","","","","","","","","","","","","","","","","","","","","","",
"1982"," [13412] SHRBENY O. (1982)","samp. 44","","EUROPEAN OROGENIC BELT - CENOZOIC/QUATERNARY / CZECH REPUBLIC / BOHEMIAN MASSIF","KOZLOVSKY KOPEC, NNE OF OLESKA, DOUPOVSKE HORY MOUNTAINS","50.25","13.17","50.25","13.17","","","OUTCROP","SUBAERIAL","VOLCANIC ROCK","ANALCIMITE","","","","","CENOZOIC","","SLIGHTLY ALTERED","","WHOLE ROCK","","","","41.11","4.47","12.86","","","7.18","","5.6","12.21","5.78","0.23","","1.32","3.69","0.86","","3.17","0.53","0.18","","0.16","","","0.03","","","","","","","","","","","","","","","","","","","","","","","","","","","","","","","","","","","","","","","","","","","","","","","","","","","","","","","","","","","","","","","","","","","","","","","","","","","","","","","","","","",
"1982"," [13412] SHRBENY O. (1982)","samp. 46","","EUROPEAN OROGENIC BELT - CENOZOIC/QUATERNARY / CZECH REPUBLIC / BOHEMIAN MASSIF","VINARE, DOUPOVSKE HORY MOUNTAINS","50.25","13.17","50.25","13.17","","","OUTCROP","SUBAERIAL","VOLCANIC ROCK","ANALCIMITE","","","","","CENOZOIC","","SLIGHTLY ALTERED","CARBONATIZATION","WHOLE ROCK","","","","40.49","3.48","11.97","","","6.09","","6.64","13.27","6.79","0.24","","0.81","3.75","0.87","","1.67","0.52","3.15","","0.14","","","0.06","","","","","","","","","","","","","","","","","","","","","","","","","","","","","","","","","","","","","","","","","","","","","","","","","","","","","","","","","","","","","","","","","","","","","","","","","","","","","","","","","","",
"1982"," [13412] SHRBENY O. (1982)","samp. 47","","EUROPEAN OROGENIC BELT - CENOZOIC/QUATERNARY / CZECH REPUBLIC / BOHEMIAN MASSIF","PUSTY ZAMEK, SW OF DOUPOV, DOUPOVSKE HORY MOUNTAINS","50.25","13.17","50.25","13.17","","","OUTCROP","SUBAERIAL","VOLCANIC ROCK","ANALCIMITE, AMPHIBOLE","","","","","CENOZOIC","","","","WHOLE ROCK","","","","41.66","3.59","13.62","","","5.96","","5.89","11.57","6.21","0.23","","3.46","2.05","0.67","","2.88","1.27","0.08","","0.17","","","0.09","","","","","","","","","","","","","","","","","","","","","","","","","","","","","","","","","","","","","","","","","","","","","","","","","","","","","","","","","","","","","","","","","","","","","","","","","","","","","","","","","","",
"1982"," [13412] SHRBENY O. (1982)","samp. 48","","EUROPEAN OROGENIC BELT - CENOZOIC/QUATERNARY / CZECH REPUBLIC / BOHEMIAN MASSIF","HRADISTE, SOUTHERN SUMMIT, SW OF JIROV, DOUPOVSKE HORY MOUNTAINS","50.25","13.17","50.25","13.17","","","OUTCROP","SUBAERIAL","VOLCANIC ROCK","ANALCIMITE, NEPHELINE","","","","","CENOZOIC","","","","WHOLE ROCK","","","","41.56","4.24","11.69","","","7.85","","4.78","13.99","7.51","0.18","","1.17","2.45","0.66","","1.85","1.25","0.02","","0.19","","","0.01","","","","","","","","","","","","","","","","","","","","","","","","","","","","","","","","","","","","","","","","","","","","","","","","","","","","","","","","","","","","","","","","","","","","","","","","","","","","","","","","","","",
"1982"," [13412] SHRBENY O. (1982)","samp. 49","","EUROPEAN OROGENIC BELT - CENOZOIC/QUATERNARY / CZECH REPUBLIC / BOHEMIAN MASSIF","TOCOV, DOUPOVSKE HORY MOUNTAINS","50.25","13.17","50.25","13.17","","","OUTCROP","SUBAERIAL","VOLCANIC ROCK","ANALCIMITE, NEPHELINE","","","","","CENOZOIC","","","","WHOLE ROCK","","","","40.46","4.12","12.47","","","6.29","","6.54","13.56","5.97","0.2","","0.65","3.58","0.78","","2.54","0.67","1.45","","0.16","","","0.02","","","","","","","","","","","","","","","","","","","","","","","","","","","","","","","","","","","","","","","","","","","","","","","","","","","","","","","","","","","","","","","","","","","","","","","","","","","","","","","","","","",
"1982"," [13412] SHRBENY O. (1982)","samp. 50","","EUROPEAN OROGENIC BELT - CENOZOIC/QUATERNARY / CZECH REPUBLIC / BOHEMIAN MASSIF","ZAKSOV, DOUPOVSKE HORY MOUNTAINS","50.25","13.17","50.25","13.17","","","OUTCROP","SUBAERIAL","VOLCANIC ROCK","ANALCIMITE, NEPHELINE","","","","","CENOZOIC","","","","WHOLE ROCK","","","","40.42","4.84","12.97","","","4.48","","7.4","13.04","6.45","0.2","","1.06","2.64","0.68","","3.67","1.32","0.1","","0.13","","","0.04","","","","","","","","","","","","","","","","","","","","","","","","","","","","","","","","","","","","","","","","","","","","","","","","","","","","","","","","","","","","","","","","","","","","","","","","","","","","","","","","","","",
"1982"," [13412] SHRBENY O. (1982)","samp. 51","","EUROPEAN OROGENIC BELT - CENOZOIC/QUATERNARY / CZECH REPUBLIC / BOHEMIAN MASSIF","LESNA, ESE OF TUNKOV, DOUPOVSKE HORY MOUNTAINS","50.25","13.17","50.25","13.17","","","OUTCROP","SUBAERIAL","VOLCANIC ROCK","ANALCIMITE, NEPHELINE","","","","","CENOZOIC","","","","WHOLE ROCK","","","","39.85","4.94","12.59","","","5.03","","7.33","14.09","6.46","0.2","","0.92","3.05","0.72","","3.29","0.76","0.03","","0.12","","","0.03","","","","","","","","","","","","","","","","","","","","","","","","","","","","","","","","","","","","","","","","","","","","","","","","","","","","","","","","","","","","","","","","","","","","","","","","","","","","","","","","","","",
"1982"," [13412] SHRBENY O. (1982)","samp. 52","","EUROPEAN OROGENIC BELT - CENOZOIC/QUATERNARY / CZECH REPUBLIC / BOHEMIAN MASSIF","ROHAC, ENE OF RADNICE, DOUPOVSKE HORY MOUNTAINS","50.25","13.17","50.25","13.17","","","OUTCROP","SUBAERIAL","VOLCANIC ROCK","ANALCIMITE, NEPHELINE","","","","","CENOZOIC","","","","WHOLE ROCK","","","","38.6","4.45","11.42","","","1.32","","7.29","14.13","7.88","0.24","","0.83","3.26","0.84","","1.65","1.02","0.39","","0.19","","","0.02","","","","","","","","","","","","","","","","","","","","","","","","","","","","","","","","","","","","","","","","","","","","","","","","","","","","","","","","","","","","","","","","","","","","","","","","","","","","","","","","","","",
"1982"," [13412] SHRBENY O. (1982)","samp. 66","","EUROPEAN OROGENIC BELT - CENOZOIC/QUATERNARY / CZECH REPUBLIC / BOHEMIAN MASSIF","KORUNNI - W, DOUPOVSKE HORY MOUNTAINS","50.25","13.17","50.25","13.17","","","OUTCROP","SUBAERIAL","VOLCANIC ROCK","ANALCIMITE","","","","","CENOZOIC","","SLIGHTLY ALTERED","","WHOLE ROCK","","","","37.49","4.67","10.61","","","7.52","","7.43","16.13","7.13","0.24","","1.49","1.55","0.93","","3.43","0.29","0.36","","0.1","","","0.1","","","","","","","","","","","","","","","","","","","","","","","","","","","","","","","","","","","","","","","","","","","","","","","","","","","","","","","","","","","","","","","","","","","","","","","","","","","","","","","","","","",
"1982"," [13412] SHRBENY O. (1982)","samp. 67","","EUROPEAN OROGENIC BELT - CENOZOIC/QUATERNARY / CZECH REPUBLIC / BOHEMIAN MASSIF","SRNI, DOUPOVSKE HORY MOUNTAINS","50.25","13.17","50.25","13.17","","","OUTCROP","SUBAERIAL","VOLCANIC ROCK","ANALCIMITE, NEPHELINE","","","","","CENOZOIC","","","","WHOLE ROCK","","","","38.37","4.71","11","","","7.96","","7.25","16.63","6.18","0.22","","0.91","3.07","1.01","","1.77","0.61","0.05","","0.16","","","0.09","","","","","","","","","","","","","","","","","","","","","","","","","","","","","","","","","","","","","","","","","","","","","","","","","","","","","","","","","","","","","","","","","","","","","","","","","","","","","","","","","","",
"1982"," [13412] SHRBENY O. (1982)","samp. 68","","EUROPEAN OROGENIC BELT - CENOZOIC/QUATERNARY / CZECH REPUBLIC / BOHEMIAN MASSIF","KORUNNI - N, DOUPOVSKE HORY MOUNTAINS","50.25","13.17","50.25","13.17","","","OUTCROP","SUBAERIAL","VOLCANIC ROCK","ANALCIMITE, NEPHELINE","","SODALITE-BEARING","","","CENOZOIC","","","","WHOLE ROCK","","","","38.31","5.09","10.73","","","7.93","","7","14.76","6","0.25","","0.91","2.79","1.38","","2.74","0.6","1.13","","0.15","","","0.15","","","","","","","","","","","","","","","","","","","","","","","","","","","","","","","","","","","","","","","","","","","","","","","","","","","","","","","","","","","","","","","","","","","","","","","","","","","","","","","","","","",
"1982"," [13412] SHRBENY O. (1982)","samp. 85","","EUROPEAN OROGENIC BELT - CENOZOIC/QUATERNARY / CZECH REPUBLIC / BOHEMIAN MASSIF","LOPOTA, SW OF KONICE, DOUPOVSKE HORY MOUNTAINS","50.25","13.17","50.25","13.17","","","OUTCROP","SUBAERIAL","VOLCANIC ROCK","ANALCIMITE, OLIVINE","","","","","CENOZOIC","","","","WHOLE ROCK","","","","43.06","3.22","10.36","","","5.68","","5.45","14.85","9.69","0.19","","1.06","2.48","0.72","","1.73","0.79","0.05","","0.13","","","0.01","","","","","","","","","","","","","","","","","","","","","","","","","","","","","","","","","","","","","","","","","","","","","","","","","","","","","","","","","","","","","","","","","","","","","","","","","","","","","","","","","","",
"1982"," [13412] SHRBENY O. (1982)","samp. 86","","EUROPEAN OROGENIC BELT - CENOZOIC/QUATERNARY / CZECH REPUBLIC / BOHEMIAN MASSIF","STUDENY VRCH, E OF BOR, DOUPOVSKE HORY MOUNTAINS","50.25","13.17","50.25","13.17","","","OUTCROP","SUBAERIAL","VOLCANIC ROCK","ANALCIMITE, OLIVINE","","","","","CENOZOIC","","","","WHOLE ROCK","","","","41.75","3.6","11.31","","","5.69","","1.04","13.91","8.64","0.2","","0.88","3.09","0.7","","2.19","0.52","0.12","","0.15","","","0.01","","","","","","","","","","","","","","","","","","","","","","","","","","","","","","","","","","","","","","","","","","","","","","","","","","","","","","","","","","","","","","","","","","","","","","","","","","","","","","","","","","",
"1982"," [13412] SHRBENY O. (1982)","samp. 87","","EUROPEAN OROGENIC BELT - CENOZOIC/QUATERNARY / CZECH REPUBLIC / BOHEMIAN MASSIF","HILL 668, NW OF KNINICE, DOUPOVSKE HORY MOUNTAINS","50.25","13.17","50.25","13.17","","","OUTCROP","SUBAERIAL","VOLCANIC ROCK","ANALCIMITE, OLIVINE","","","","","CENOZOIC","","","","WHOLE ROCK","","","","41.24","4.31","11.96","","","9.29","","3.73","11.8","8.1","0.21","","0.68","3.11","0.87","","2.76","1.54","0.03","","0.25","","","0.01","","","","","","","","","","","","","","","","","","","","","","","","","","","","","","","","","","","","","","","","","","","","","","","","","","","","","","","","","","","","","","","","","","","","","","","","","","","","","","","","","","",
"1982"," [13412] SHRBENY O. (1982)","samp. 88","","EUROPEAN OROGENIC BELT - CENOZOIC/QUATERNARY / CZECH REPUBLIC / BOHEMIAN MASSIF","ZAKSOV ENE, DOUPOVSKE HORY MOUNTAINS","50.25","13.17","50.25","13.17","","","OUTCROP","SUBAERIAL","VOLCANIC ROCK","ANALCIMITE, OLIVINE","","","","","CENOZOIC","","","","WHOLE ROCK","","","","40.38","4.1","11.63","","","4.67","","6.47","14.03","9.33","0.17","","0.88","2.32","0.64","","3.42","1.12","0.86","","0.13","","","0.03","","","","","","","","","","","","","","","","","","","","","","","","","","","","","","","","","","","","","","","","","","","","","","","","","","","","","","","","","","","","","","","","","","","","","","","","","","","","","","","","","","",
"1982"," [13412] SHRBENY O. (1982)","samp. 89","","EUROPEAN OROGENIC BELT - CENOZOIC/QUATERNARY / CZECH REPUBLIC / BOHEMIAN MASSIF","ZAKSOV SE, DOUPOVSKE HORY MOUNTAINS","50.25","13.17","50.25","13.17","","","OUTCROP","SUBAERIAL","VOLCANIC ROCK","ANALCIMITE, OLIVINE","","","","","CENOZOIC","","SLIGHTLY ALTERED","","WHOLE ROCK","","","","39.98","3.85","9.85","","","6.82","","5.96","15.9","9.09","0.22","","0.63","1.37","0.61","","3.87","0.58","0.67","","0.14","","","0.04","","","","","","","","","","","","","","","","","","","","","","","","","","","","","","","","","","","","","","","","","","","","","","","","","","","","","","","","","","","","","","","","","","","","","","","","","","","","","","","","","","",
"1982"," [13412] SHRBENY O. (1982)","samp. 90","","EUROPEAN OROGENIC BELT - CENOZOIC/QUATERNARY / CZECH REPUBLIC / BOHEMIAN MASSIF","HARTMANOVSKY VRCH, NNW OF LUCINY, DOUPOVSKE HORY MOUNTAINS","50.25","13.17","50.25","13.17","","","OUTCROP","SUBAERIAL","VOLCANIC ROCK","ANALCIMITE, OLIVINE","","","","","CENOZOIC","","SLIGHTLY ALTERED","","WHOLE ROCK","","","","42.18","3.21","10.66","","","5.87","","6.96","15.06","9.03","0.18","","1.07","1.66","0.5","","1.62","1.38","0.05","","0.13","","","0.03","","","","","","","","","","","","","","","","","","","","","","","","","","","","","","","","","","","","","","","","","","","","","","","","","","","","","","","","","","","","","","","","","","","","","","","","","","","","","","","","","","",
"1982"," [13412] SHRBENY O. (1982)","samp. 91","","EUROPEAN OROGENIC BELT - CENOZOIC/QUATERNARY / CZECH REPUBLIC / BOHEMIAN MASSIF","TRMOVA, DOUPOVSKE HORY MOUNTAINS","50.25","13.17","50.25","13.17","","","OUTCROP","SUBAERIAL","VOLCANIC ROCK","ANALCIMITE, OLIVINE-NEPHELINE","","","","","CENOZOIC","","","","WHOLE ROCK","","","","42.82","3.46","10.25","","","4.69","","5.75","15.12","10.1","0.16","","1.23","1.94","0.5","","2.35","0.89","0.02","","0.14","","","0.02","","","","","","","","","","","","","","","","","","","","","","","","","","","","","","","","","","","","","","","","","","","","","","","","","","","","","","","","","","","","","","","","","","","","","","","","","","","","","","","","","","",
"1982"," [13412] SHRBENY O. (1982)","samp. 92","","EUROPEAN OROGENIC BELT - CENOZOIC/QUATERNARY / CZECH REPUBLIC / BOHEMIAN MASSIF","JAKUBOV, DOUPOVSKE HORY MOUNTAINS","50.25","13.17","50.25","13.17","","","OUTCROP","SUBAERIAL","VOLCANIC ROCK","ANALCIMITE, OLIVINE-NEPHELINE","","","","","CENOZOIC","","","","WHOLE ROCK","","","","40.95","4.14","10.71","","","5.32","","7.15","13.92","8.99","0.18","","0.78","2.43","0.51","","2.74","1.12","0.25","","0.17","","","0.03","","","","","","","","","","","","","","","","","","","","","","","","","","","","","","","","","","","","","","","","","","","","","","","","","","","","","","","","","","","","","","","","","","","","","","","","","","","","","","","","","","",
"1982"," [13412] SHRBENY O. (1982)","samp. 93","","EUROPEAN OROGENIC BELT - CENOZOIC/QUATERNARY / CZECH REPUBLIC / BOHEMIAN MASSIF","OKOUNOV, DOUPOVSKE HORY MOUNTAINS","50.25","13.17","50.25","13.17","","","OUTCROP","SUBAERIAL","VOLCANIC ROCK","ANALCIMITE, OLIVINE-NEPHELINE","","","","","CENOZOIC","","","","WHOLE ROCK","","","","39.48","4.33","12.33","","","5.57","","6.93","12.55","9.02","0.19","","1.03","3.53","0.79","","2.87","0.73","0.44","","0.19","","","0.05","","","","","","","","","","","","","","","","","","","","","","","","","","","","","","","","","","","","","","","","","","","","","","","","","","","","","","","","","","","","","","","","","","","","","","","","","","","","","","","","","","",
"1982"," [13412] SHRBENY O. (1982)","samp. 98","","EUROPEAN OROGENIC BELT - CENOZOIC/QUATERNARY / CZECH REPUBLIC / BOHEMIAN MASSIF","KUPA, SSE OF TOCOV, DOUPOVSKE HORY MOUNTAINS","50.25","13.17","50.25","13.17","","","OUTCROP","SUBAERIAL","VOLCANIC ROCK","ANALCIMITE, OLIVINE","","","","","CENOZOIC","","","","WHOLE ROCK","","","","44.68","2.39","7.5","","","3.43","","6.29","15.38","15.18","0.16","","0.48","1.88","0.41","","1.51","0.31","0.14","","0.1","","","0.11","","","","","","","","","","","","","","","","","","","","","","","","","","","","","","","","","","","","","","","","","","","","","","","","","","","","","","","","","","","","","","","","","","","","","","","","","","","","","","","","","","",
"1982"," [13412] SHRBENY O. (1982)","samp. 99","","EUROPEAN OROGENIC BELT - CENOZOIC/QUATERNARY / CZECH REPUBLIC / BOHEMIAN MASSIF","ZVONICKOV, DOUPOVSKE HORY MOUNTAINS","50.25","13.17","50.25","13.17","","","OUTCROP","SUBAERIAL","VOLCANIC ROCK","ANALCIMITE, OLIVINE","","","","","CENOZOIC","","","","WHOLE ROCK","","","","43.27","2.76","9.55","","","5.14","","6.03","15.26","11.59","0.17","","0.58","2.17","0.48","","1.78","0.47","0.9","","0.09","","","0.03","","","","","","","","","","","","","","","","","","","","","","","","","","","","","","","","","","","","","","","","","","","","","","","","","","","","","","","","","","","","","","","","","","","","","","","","","","","","","","","","","","",
"1982"," [13412] SHRBENY O. (1982)","samp. 100","","EUROPEAN OROGENIC BELT - CENOZOIC/QUATERNARY / CZECH REPUBLIC / BOHEMIAN MASSIF","JEDLOVA, ENE OF METIKALOV, DOUPOVSKE HORY MOUNTAINS","50.25","13.17","50.25","13.17","","","OUTCROP","SUBAERIAL","VOLCANIC ROCK","ANALCIMITE, OLIVINE","","","","","CENOZOIC","","","","WHOLE ROCK","","","","42.72","2.2","6.32","","","3.55","","7.29","12.61","19.14","0.17","","0.4","1.14","0.34","","2.05","0.76","0.06","","0.08","","","0.03","","","","","","","","","","","","","","","","","","","","","","","","","","","","","","","","","","","","","","","","","","","","","","","","","","","","","","","","","","","","","","","","","","","","","","","","","","","","","","","","","","",
"1982"," [13412] SHRBENY O. (1982)","samp. 101","","EUROPEAN OROGENIC BELT - CENOZOIC/QUATERNARY / CZECH REPUBLIC / BOHEMIAN MASSIF","VELKA, E OF NEPOMYSL, DOUPOVSKE HORY MOUNTAINS","50.25","13.17","50.25","13.17","","","OUTCROP","SUBAERIAL","VOLCANIC ROCK","ANALCIMITE, OLIVINE-NEPHELINE","","","","","CENOZOIC","","","","WHOLE ROCK","","","","44.01","2.49","8.1","","","4.46","","5.85","15.14","14.54","0.17","","0.35","1.46","0.39","","1.91","1.11","0.16","","0.09","","","0.03","","","","","","","","","","","","","","","","","","","","","","","","","","","","","","","","","","","","","","","","","","","","","","","","","","","","","","","","","","","","","","","","","","","","","","","","","","","","","","","","","","",
"1982"," [13412] SHRBENY O. (1982)","samp. 102","","EUROPEAN OROGENIC BELT - CENOZOIC/QUATERNARY / CZECH REPUBLIC / BOHEMIAN MASSIF","KONICE E, DOUPOVSKE HORY MOUNTAINS","50.25","13.17","50.25","13.17","","","OUTCROP","SUBAERIAL","VOLCANIC ROCK","ANALCIMITE, OLIVINE-NEPHELINE","","","","","CENOZOIC","","","","WHOLE ROCK","","","","43.55","2.68","8.53","","","4.45","","6.14","15.28","13.5","0.17","","0.47","1.44","0.48","","2.16","0.59","0.08","","0.1","","","0.03","","","","","","","","","","","","","","","","","","","","","","","","","","","","","","","","","","","","","","","","","","","","","","","","","","","","","","","","","","","","","","","","","","","","","","","","","","","","","","","","","","",
"1982"," [13412] SHRBENY O. (1982)","samp. 115","","EUROPEAN OROGENIC BELT - CENOZOIC/QUATERNARY / CZECH REPUBLIC / BOHEMIAN MASSIF","ROADSIDE SW OF DOUPOV, DOUPOVSKE HORY MOUNTAINS","50.25","13.17","50.25","13.17","","","OUTCROP","SUBAERIAL","VOLCANIC ROCK","ANALCIMITE, NEPHELINE","","","","","","","","","WHOLE ROCK","","","","40.57","4.27","11.36","","","4.93","","7.08","14.88","7.34","0.18","","1.15","2.52","0.54","","2.36","0.95","1.17","","0.14","","","0.04","","","","","","","","","","","","","","","","","","","","","","","","","","","","","","","","","","","","","","","","","","","","","","","","","","","","","","","","","","","","","","","","","","","","","","","","","","","","","","","","","","",
"1988"," [14272] DE MORAES R. (1988)","samp. 178A","","CIRCUM-PARANA ALKALINE VOLCANIC PROVINCES / BRAZIL / IPORA IGNEOUS PROVINCE","SANTO ANTONIO DA BARRA AREA, GOIAS","-17.3","-50.65","-17.5","-50.77","","","OUTCROP","SUBAERIAL","VOLCANIC ROCK","ANALCIMITE, OLIVINE","","MELA-ANALCIMITE","","","MESOZOIC","","","","WHOLE ROCK","","","","40.5","4.2","4.91","","","2.75","","9.76","9.87","22.98","0.2","0.06","0.28","0.38","0.54","","","","","","","","","","3.27","","","","","","","","220","1.5","140","510","","","","17","640","48","NOT","","","320","89","11","","","","","","","","","100","NOT","","","","","","","","","","","","","","","","","","","","","","","","","","","","","","","","","","","","","","","","","","","","","","","","",
"1988"," [14272] DE MORAES R. (1988)","samp. 225","","CIRCUM-PARANA ALKALINE VOLCANIC PROVINCES / BRAZIL / IPORA IGNEOUS PROVINCE","SANTO ANTONIO DA BARRA AREA, GOIAS","-17.3","-50.65","-17.5","-50.77","","","OUTCROP","SUBAERIAL","VOLCANIC ROCK","ANALCIMITE, OLIVINE","","MELA-ANALCIMITE","","","MESOZOIC","","","","WHOLE ROCK","","","","42","2.7","6.6","","","2.59","","9.35","11.2","18.8","0.39","0.16","0.53","2.3","0.54","","","","","","","","0.05","","2.07","","","","480","","","","270","1.35","74","390","","","","32","570","35","NOT","","","300","87","22","","","","","","","","","80","NOT","","","","","","","","","","","","","","","","","","","","","","","","","","","","","","","","","","","","","","","","","","","","","","","","",
"1988"," [14272] DE MORAES R. (1988)","samp. 233","","CIRCUM-PARANA ALKALINE VOLCANIC PROVINCES / BRAZIL / IPORA IGNEOUS PROVINCE","SANTO ANTONIO DA BARRA AREA, GOIAS","-17.3","-50.65","-17.5","-50.77","","","OUTCROP","SUBAERIAL","VOLCANIC ROCK","ANALCIMITE, OLIVINE","","MELA-ANALCIMITE","","","MESOZOIC","","","","WHOLE ROCK","","","","42.57","3.89","5.72","","","2.94","","10.6","12.59","14.61","0.2","0.13","0.74","1.87","0.58","","","","","","","","","","2.86","","","","","","","","300","700","96","300","","","","40","660","58","NOT","","","450","120","11","","","","","","","","","190","NOT","","","","","","","","","","","","","","","","","","","","","","","","","","","","","","","","","","","","","","","","","","","","","","","","",
"1988"," [14272] DE MORAES R. (1988)","samp. 17","","CIRCUM-PARANA ALKALINE VOLCANIC PROVINCES / BRAZIL / IPORA IGNEOUS PROVINCE","SANTO ANTONIO DA BARRA AREA, GOIAS","-17.3","-50.65","-17.5","-50.77","","","OUTCROP","SUBAERIAL","VOLCANIC ROCK","ANALCIMITE","","MELA-ANALCIMITE","","","MESOZOIC","","","","WHOLE ROCK","","","","45.34","4.43","8.88","","","2.35","","8.44","13.24","8.01","0.22","0.31","0.93","2.36","0.81","","","","","","","","","","4.69","","","","","","","","350","310","64","88","","","","98","1.15","62","NOT","","","460","140","12","","","","","","","","","210","NOT","","","","","","","","","","","","","","","","","","","","","","","","","","","","","","","","","","","","","","","","","","","","","","","","",
"1988"," [14272] DE MORAES R. (1988)","samp. 112A","","CIRCUM-PARANA ALKALINE VOLCANIC PROVINCES / BRAZIL / IPORA IGNEOUS PROVINCE","SANTO ANTONIO DA BARRA AREA, GOIAS","-17.3","-50.65","-17.5","-50.77","","","OUTCROP","SUBAERIAL","VOLCANIC ROCK","ANALCIMITE","","MELA-ANALCIMITE","","","MESOZOIC","","","","WHOLE ROCK","","","","39.94","5.29","9.72","","","2.71","","9.74","12.88","8.3","0.22","0.27","0.97","2.66","0.86","","","","","","","","","","4.66","","","","","","","","360","440","100","200","","","","59","910","14","NOT","","","480","140","16","","","","","","","","","260","NOT","","","","","","","","","","","","","","","","","","","","","","","","","","","","","","","","","","","","","","","","","","","","","","","","",
"1988"," [14272] DE MORAES R. (1988)","samp. 121","","CIRCUM-PARANA ALKALINE VOLCANIC PROVINCES / BRAZIL / IPORA IGNEOUS PROVINCE","SANTO ANTONIO DA BARRA AREA, GOIAS","-17.3","-50.65","-17.5","-50.77","","","OUTCROP","SUBAERIAL","VOLCANIC ROCK","ANALCIMITE","","MELA-ANALCIMITE","","","MESOZOIC","","","","WHOLE ROCK","","","","42","4.3","11.3","","","2.67","","9.6","13.3","7.1","0.27","0.32","0.62","2.4","0.96","","","","","","","","0.05","","4.51","","","","1260","","","","220","1","46","37","","","","72","1.22","120","NOT","","","940","250","16","","","","","","","","","460","NOT","","","","","","","","","","","","","","","","","","","","","","","","","","","","","","","","","","","","","","","","","","","","","","","","",
"1988"," [14272] DE MORAES R. (1988)","samp. 22","","CIRCUM-PARANA ALKALINE VOLCANIC PROVINCES / BRAZIL / IPORA IGNEOUS PROVINCE","SANTO ANTONIO DA BARRA AREA, GOIAS","-17.3","-50.65","-17.5","-50.77","","","OUTCROP","SUBAERIAL","VOLCANIC ROCK","ANALCIMITE","","MELA-ANALCIMITE","","","MESOZOIC","","","","WHOLE ROCK","","","","42.99","4.27","9.9","","","2.64","","9.5","12.95","6.89","0.21","0.27","2","2.42","0.89","","","","","","","","","","4.96","","","","","","","","290","160","64","92","","","","93","800","74","NOT","","","540","170","12","","","","","","","","","210","NOT","","","","","","","","","","","","","","","","","","","","","","","","","","","","","","","","","","","","","","","","","","","","","","","","",
"1988"," [14272] DE MORAES R. (1988)","samp. 45","","CIRCUM-PARANA ALKALINE VOLCANIC PROVINCES / BRAZIL / IPORA IGNEOUS PROVINCE","SANTO ANTONIO DA BARRA AREA, GOIAS","-17.3","-50.65","-17.5","-50.77","","","OUTCROP","SUBAERIAL","VOLCANIC ROCK","ANALCIMITE","","MELA-ANALCIMITE","","","MESOZOIC","","","","WHOLE ROCK","","","","40.75","4.91","9.95","","","2.97","","10.68","12.67","7.04","0.25","0.17","0.46","2.66","0.87","","","","","","","","","","4.88","","","","","","","","300","36","70","49","","","","68","1.4","76","NOT","","","540","170","13","","","","","","","","","360","NOT","","","","","","","","","","","","","","","","","","","","","","","","","","","","","","","","","","","","","","","","","","","","","","","","",
"1988"," [14272] DE MORAES R. (1988)","samp. 73","","CIRCUM-PARANA ALKALINE VOLCANIC PROVINCES / BRAZIL / IPORA IGNEOUS PROVINCE","SANTO ANTONIO DA BARRA AREA, GOIAS","-17.3","-50.65","-17.5","-50.77","","","OUTCROP","SUBAERIAL","VOLCANIC ROCK","ANALCIMITE","","MELA-ANALCIMITE","","","MESOZOIC","","","","WHOLE ROCK","","","","42.52","5.22","11.39","","","2.56","","9.21","11.35","5.57","0.24","0.16","1.94","3.13","0.96","","","","","","","","","","4.47","","","","","","","","320","21","78","49","","","","67","1.34","81","NOT","","","530","160","16","","","","","","","","","300","NOT","","","","","","","","","","","","","","","","","","","","","","","","","","","","","","","","","","","","","","","","","","","","","","","","",
"1988"," [14272] DE MORAES R. (1988)","samp. 20","","CIRCUM-PARANA ALKALINE VOLCANIC PROVINCES / BRAZIL / IPORA IGNEOUS PROVINCE","SANTO ANTONIO DA BARRA AREA, GOIAS","-17.3","-50.65","-17.5","-50.77","","","OUTCROP","SUBAERIAL","VOLCANIC ROCK","ANALCIMITE","","MELA-ANALCIMITE","","","MESOZOIC","","","","WHOLE ROCK","","","","42.3","3.5","13.4","","","2.4","","8.65","11.7","5.3","0.21","0.23","2.4","2.9","1","","","","","","","","0.05","","4.93","","","","600","","","","440","36","29","48","","","","120","1.45","76","NOT","","","500","170","32","","","","","","","","","310","NOT","","","","","","","","","","","","","","","","","","","","","","","","","","","","","","","","","","","","","","","","","","","","","","","","",
"1988"," [14272] DE MORAES R. (1988)","samp. 191","","CIRCUM-PARANA ALKALINE VOLCANIC PROVINCES / BRAZIL / IPORA IGNEOUS PROVINCE","SANTO ANTONIO DA BARRA AREA, GOIAS","-17.3","-50.65","-17.5","-50.77","","","OUTCROP","SUBAERIAL","VOLCANIC ROCK","ANALCIMITE","","MELA-ANALCIMITE","","","MESOZOIC","","","","WHOLE ROCK","","","","44.6","3.6","13.4","","","2.23","","8.05","10.3","4","0.22","0.3","3.6","2.7","0.8","","","","","","","","0.05","","5.42","","","","1360","","","","420","14","29","23","","","","110","1.95","68","NOT","","","620","215","30","","","","","","","","","410","NOT","","","","","","","","","","","","","","","","","","","","","","","","","","","","","","","","","","","","","","","","","","","","","","","","",
"1988"," [14272] DE MORAES R. (1988)","samp. 32","","CIRCUM-PARANA ALKALINE VOLCANIC PROVINCES / BRAZIL / IPORA IGNEOUS PROVINCE","SANTO ANTONIO DA BARRA AREA, GOIAS","-17.3","-50.65","-17.5","-50.77","","","OUTCROP","SUBAERIAL","VOLCANIC ROCK","ANALCIMITE","","MELA-ANALCIMITE","","","MESOZOIC","","","","WHOLE ROCK","","","","43.52","4.94","13.16","","","2.73","","9.83","8.06","4.49","0.19","0.21","2.41","3.35","0.87","","","","","","","","","","4.34","","","","","","","","350","7","60","34","","","","150","890","71","NOT","","","510","130","14","","","","","","","","","240","NOT","","","","","","","","","","","","","","","","","","","","","","","","","","","","","","","","","","","","","","","","","","","","","","","","",
"1988"," [14272] DE MORAES R. (1988)","samp. 73A","","CIRCUM-PARANA ALKALINE VOLCANIC PROVINCES / BRAZIL / IPORA IGNEOUS PROVINCE","SANTO ANTONIO DA BARRA AREA, GOIAS","-17.3","-50.65","-17.5","-50.77","","","OUTCROP","SUBAERIAL","VOLCANIC ROCK","ANALCIMITE","","MELA-ANALCIMITE","","","MESOZOIC","","","","WHOLE ROCK","","","","46.41","4.58","13.68","","","2.51","","9.03","4.57","4.11","0.18","0.17","7.5","0.35","0.82","","","","","","","","","","4.28","","","","","","","","280","23","46","38","","","","120","970","90","NOT","","","460","120","12","","","","","","","","","260","NOT","","","","","","","","","","","","","","","","","","","","","","","","","","","","","","","","","","","","","","","","","","","","","","","","",
"1988"," [14272] DE MORAES R. (1988)","samp. 115","","CIRCUM-PARANA ALKALINE VOLCANIC PROVINCES / BRAZIL / IPORA IGNEOUS PROVINCE","SANTO ANTONIO DA BARRA AREA, GOIAS","-17.3","-50.65","-17.5","-50.77","","","OUTCROP","SUBAERIAL","VOLCANIC ROCK","ANALCIMITE, NEPHELINE","","","","","MESOZOIC","","","","WHOLE ROCK","","","","39.68","4.54","13.68","","","2.49","","8.95","6.89","5.06","0.18","0.23","2.67","2.42","1.31","","","","","","","","","","8.94","","","","","","","","350","44","82","66","","","","220","1.1","76","NOT","","","520","170","14","","","","","","","","","360","NOT","","","","","","","","","","","","","","","","","","","","","","","","","","","","","","","","","","","","","","","","","","","","","","","","",
"1988"," [14272] DE MORAES R. (1988)","samp. 89","","CIRCUM-PARANA ALKALINE VOLCANIC PROVINCES / BRAZIL / IPORA IGNEOUS PROVINCE","SANTO ANTONIO DA BARRA AREA, GOIAS","-17.3","-50.65","-17.5","-50.77","","","OUTCROP","SUBAERIAL","VOLCANIC ROCK","ANALCIMITE, NEPHELINE","","","","","MESOZOIC","","","","WHOLE ROCK","","","","42.4","3.6","15","","","2.4","","8.64","6.9","4.4","0.26","0.33","3","4.9","1.5","","","","","","","","0.08","","5.72","","","","2200","","","","170","7","31","23","","","","71","2.25","96","NOT","","","790","235","27","","","","","","","","","430","NOT","","","","","","","","","","","","","","","","","","","","","","","","","","","","","","","","","","","","","","","","","","","","","","","","",
"1988"," [14272] DE MORAES R. (1988)","samp. 35A","","CIRCUM-PARANA ALKALINE VOLCANIC PROVINCES / BRAZIL / IPORA IGNEOUS PROVINCE","SANTO ANTONIO DA BARRA AREA, GOIAS","-17.3","-50.65","-17.5","-50.77","","","OUTCROP","SUBAERIAL","VOLCANIC ROCK","ANALCIMITE, NEPHELINE","","","","","MESOZOIC","","","","WHOLE ROCK","","","","42.8","3.2","13.8","","","2.47","","8.88","10.7","4.5","0.2","0.22","3.7","1.6","0.83","","","","","","","","0.05","","6.09","","","","1100","","","","440","90","44","68","","","","160","770","58","NOT","","","460","175","37","","","","","","","","","430","NOT","","","","","","","","","","","","","","","","","","","","","","","","","","","","","","","","","","","","","","","","","","","","","","","","",
"1988"," [14272] DE MORAES R. (1988)","samp. 184","","CIRCUM-PARANA ALKALINE VOLCANIC PROVINCES / BRAZIL / IPORA IGNEOUS PROVINCE","SANTO ANTONIO DA BARRA AREA, GOIAS","-17.3","-50.65","-17.5","-50.77","","","OUTCROP","SUBAERIAL","VOLCANIC ROCK","ANALCIMITE, MELILITE","","MELA-ANALCIMITE","","","MESOZOIC","","","","WHOLE ROCK","","","","36.63","5.37","10.53","","","3.15","","11.34","15.32","5.85","0.36","0.13","1.57","2.76","1.39","","","","","","","","","","4.18","","","","","","","","380","110","60","60","","","","94","2.17","120","NOT","","","800","270","14","","","","","","","","","450","NOT","","","","","","","","","","","","","","","","","","","","","","","","","","","","","","","","","","","","","","","","","","","","","","","","",
"1988"," [14272] DE MORAES R. (1988)","samp. 178","","CIRCUM-PARANA ALKALINE VOLCANIC PROVINCES / BRAZIL / IPORA IGNEOUS PROVINCE","SANTO ANTONIO DA BARRA AREA, GOIAS","-17.3","-50.65","-17.5","-50.77","","","OUTCROP","SUBAERIAL","VOLCANIC ROCK","ANALCIMITE, MELILITE","","MELA-ANALCIMITE","","","MESOZOIC","","","","WHOLE ROCK","","","","37.22","5.06","10.3","","","3.18","","11.45","15.7","5.23","0.34","0.25","1.48","1.97","1.36","","","","","","","","","","5.38","","","","","","","","380","150","78","65","","","","50","1.7","120","NOT","","","780","250","15","","","","","","","","","480","NOT","","","","","","","","","","","","","","","","","","","","","","","","","","","","","","","","","","","","","","","","","","","","","","","","",
"1998"," [14703] SGARBI P. B. A. (1998)","samp. LM17","","CIRCUM-PARANA ALKALINE VOLCANIC PROVINCES / BRAZIL / IPORA IGNEOUS PROVINCE","SANTO ANTONIO DA BARRA AREA, GOIAS","-17.3","-50.65","-17.5","-50.77","","","OUTCROP","SUBAERIAL","VOLCANIC ROCK","ANALCIMITE","","","","","","","","","MINERAL / COMPONENT (INCL. GROUNDMASS)","PYROXENE","","PRIMARY","","","","","","","","","","","","","","","","","","","","","","","","","","","","","","","","","","","","","","","","","","","","","","","","","","","","","","","","","","","","","","","","","","","","","","","","","","","","","","","","","","","","","","","","","","","","","","","","","","","","","","","","6.03","","",
"1998"," [14703] SGARBI P. B. A. (1998)","samp. LM 89-A","","CIRCUM-PARANA ALKALINE VOLCANIC PROVINCES / BRAZIL / IPORA IGNEOUS PROVINCE","SANTO ANTONIO DA BARRA AREA, GOIAS","-17.3","-50.65","-17.5","-50.77","","","OUTCROP","SUBAERIAL","VOLCANIC ROCK","ANALCIMITE","","","","","","","","","MINERAL / COMPONENT (INCL. GROUNDMASS)","PYROXENE","","PRIMARY","","","","","","","","","","","","","","","","","","","","","","","","","","","","","","","","","","","","","","","","","","","","","","","","","","","","","","","","","","","","","","","","","","","","","","","","","","","","","","","","","","","","","","","","","","","","","","","","","","","","","","","","5.42","","",
"1998"," [14703] SGARBI P. B. A. (1998)","samp. LM17","","CIRCUM-PARANA ALKALINE VOLCANIC PROVINCES / BRAZIL / IPORA IGNEOUS PROVINCE","SANTO ANTONIO DA BARRA AREA, GOIAS","-17.3","-50.65","-17.5","-50.77","","","OUTCROP","SUBAERIAL","VOLCANIC ROCK","ANALCIMITE","","","","","","","","","MINERAL / COMPONENT (INCL. GROUNDMASS)","MAGNETITE","","PRIMARY","","","","","","","","","","","","","","","","","","","","","","","","","","","","","","","","","","","","","","","","","","","","","","","","","","","","","","","","","","","","","","","","","","","","","","","","","","","","","","","","","","","","","","","","","","","","","","","","","","","","","","","","4.07","","",
"1998"," [14703] SGARBI P. B. A. (1998)","samp. LM 89-A","","CIRCUM-PARANA ALKALINE VOLCANIC PROVINCES / BRAZIL / IPORA IGNEOUS PROVINCE","SANTO ANTONIO DA BARRA AREA, GOIAS","-17.3","-50.65","-17.5","-50.77","","","OUTCROP","SUBAERIAL","VOLCANIC ROCK","ANALCIMITE","","","","","","","","","MINERAL / COMPONENT (INCL. GROUNDMASS)","MAGNETITE","","PRIMARY","","","","","","","","","","","","","","","","","","","","","","","","","","","","","","","","","","","","","","","","","","","","","","","","","","","","","","","","","","","","","","","","","","","","","","","","","","","","","","","","","","","","","","","","","","","","","","","","","","","","","","","","3.45","","",
"1979"," [16836] FERGUSON J. (1979)","samp. M3","176261","AUSTRALIA / EASTERN AUSTRALIAN CENOZOIC VOLCANIC ZONE / NEW SOUTH WALES","MURRUMBURRAH","-34.55","148.33","-34.55","148.33","","","OUTCROP","SUBAERIAL","VOLCANIC ROCK","ANALCIMITE, OLIVINE","","DIKE","","","","","","","WHOLE ROCK","","","","40.36","4.12","10.54","","","4.03","","8.38","10.28","12.66","0.18","","1.12","3.63","0.79","","2.27","0.66","0.64","","","","","","","","","","","","","","","","","","","","","","","","","","","","","","","","","","","","","","","","","","","","","","","","","","","","","","","","","","","","","","","","","","","","","","","","","","","","","","","","","","","","","","","",
"1980"," [20069] BOETTCHER A. L. (1980)","samp. SM8","176292","AUSTRALIA / EASTERN AUSTRALIAN CENOZOIC VOLCANIC ZONE / VICTORIA / CENTRAL VOLCANIC PROVINCE - SPRING MOUNT","SPRING MOUNT","-35.4","138.5","-35.5","138.6","","","OUTCROP","SUBAERIAL","VOLCANIC ROCK","ANALCIMITE, OLIVINE","","","","","","","","","MINERAL / COMPONENT (INCL. GROUNDMASS)","KAERSUTITE","","PRIMARY","39.4","5.1","14.6","0","","10.84","12.6","3.08","10.8","11.1","0.1","","1.7","2.7","","","0.78","","","","0.11","0.03","","","","","","","","","","","","","","","","","","","","","","","","","","","","","","","","","","","","","","","","","","","","","","","","","","","","","","","","","","","","","","","","","","","","","","","","","","","","","","","","","","","","",
"1989"," [20136] SHRBENY O. (1989)","samp. 47","","EUROPEAN OROGENIC BELT - CENOZOIC/QUATERNARY / CZECH REPUBLIC / BOHEMIAN MASSIF","LUZICKE HORY MOUNTAINS","50.7","14.5","50.7","14.5","","","OUTCROP","SUBAERIAL","VOLCANIC ROCK","ANALCIMITE, OLIVINE","","","","","CENOZOIC","","","","WHOLE ROCK","","","","41.21","2.3","7.55","","","5.17","","5.1","15","14.14","0.17","","0.9","0.7","1.1","","3.63","1.57","0.65","0.06","0.13","","","0.1","","","","2","","","","","","507","","342","39","64","0","31","1149","23","XRF","","","330","110","0","","","","","400","XRF","","","","","","","","","","","","","","","","","","","","","","","","","","","","","","","","7","XRF","","","","","","","","","","","","","","","","","","","",
"2017"," [21006] VASIL^EV YU. R. (2017)","samp. 1941-10","","MAIMECHA-KOTUI PROVINCE / KOTUI RIVER BASIN / ARY-DZHANG (ARYDZHANGSKY) FORMATION","","73","102","73","102","","","OUTCROP","SUBAERIAL","VOLCANIC ROCK","ANALCIMITE, OLIVINE","","","","","PERMIAN","","","","WHOLE ROCK","","","","47.59","3.86","10.39","","","","12.01","","11.14","7.28","0.26","","2.2","3.5","0.35","","","","","","","","","","","","12.1","","","","","26.3","316","","56","94","225","102","","34.1","2170","21","ICPMS_LA","","","460","195","","","","","","1210","ICPMS_LA","","","165","ICPMS_LA","","","310","ICPMS_LA","","","33.8","115","ICPMS_LA","","","15","4.2","11.3","1.2","5.65","0.933","2.02","0.259","1.64","0.222","10.2","11.3","0.089","","","","2.24","ICPMS_LA","","","15.3","2.31","","","","","","","","","","","","","","","",
"2018"," [21799] VASIL^EV YU. R. (2018)","samp. 1941-4","","MAIMECHA-KOTUI PROVINCE / KOTUI RIVER BASIN / ARY-DZHANG (ARYDZHANGSKY) FORMATION","","73","102","73","102","","","OUTCROP","SUBAERIAL","VOLCANIC ROCK","ANALCIMITE, MELILITE","","","","","PERMIAN-TRIASSIC","","","","WHOLE ROCK","","","","54.03","2.98","11.19","","","","9.68","","7.07","5.62","0.09","","7.51","0.86","0.13","","","","","","","","","","","","13.6","","","","","28","422","","44","105","214","59","","156","640","18","ICPMS_LA","","","459","145","","","","","","1180","ICPMS_LA","","","126","ICPMS_LA","","","220","ICPMS_LA","","","25","88","ICPMS_LA","","","12","3.3","8.7","0.95","4.71","0.79","1.83","0.23","1.48","0.21","9.8","8.4","0.31","","","","2","ICPMS_LA","","","13","1.5","","","","","","","","","","","","","","","",
"2018"," [21799] VASIL^EV YU. R. (2018)","samp. 1941-4B","","MAIMECHA-KOTUI PROVINCE / KOTUI RIVER BASIN / ARY-DZHANG (ARYDZHANGSKY) FORMATION","","73","102","73","102","","","OUTCROP","SUBAERIAL","VOLCANIC ROCK","ANALCIMITE","","OLIVINE-BEARING","","","PERMIAN-TRIASSIC","","","","WHOLE ROCK","","","","48.07","3.79","10.75","","","","12.02","","10.65","7.12","0.43","","1.6","4.45","0.46","","","","","","","","","","","","14.4","","","","","28","454","","54","85","79","101","","21","2010","24","ICPMS_LA","","","491","197","","","","","","1410","ICPMS_LA","","","177","ICPMS_LA","","","311","ICPMS_LA","","","34","118","ICPMS_LA","","","15.3","4.2","11.8","1.28","6","0.98","2.31","0.32","1.84","0.27","10.4","11.5","0.49","","","","2.2","ICPMS_LA","","","17.3","2.7","","","","","","","","","","","","","","","",
"2021"," [25178] SOLTANMOHAMMADI A. (2021)","samp. M-10","","ANATOLIA-IRAN BELT / IRAN / URUMIEH-DOKHTAR ARC","SALAVAT RANGE","38.6722","47.7203","38.6722","47.7203","","","OUTCROP","SUBAERIAL","VOLCANIC ROCK","ANALCIMITE","","","","","EOCENE-OLIGOCENE","","","","WHOLE ROCK","","","","48.9","0.86","17.15","","7.58","","","","4.7","3.92","0.19","0.17","2.32","6.29","0.69","","","","","","","","","","6.8","","","","","","","11.44","292","11.82","16.64","6.66","211","150","","44.24","1045","31.22","HR_ICPMS","","","173","15.78","0.84","","","1.17","2.23","1395","HR_ICPMS","","","49.44","HR_ICPMS","","","91.42","HR_ICPMS","","","10.81","43.13","HR_ICPMS","","","8.65","2.35","7.55","0.99","5.19","1.05","2.88","","2.49","0.39","3.62","0.63","0.48","","","","20.63","HR_ICPMS","","","10.77","2.79","","","","","","","","","","","","","","","",
"2021"," [25178] SOLTANMOHAMMADI A. (2021)","samp. M-11","","ANATOLIA-IRAN BELT / IRAN / URUMIEH-DOKHTAR ARC","SALAVAT RANGE","38.6722","47.7203","38.6722","47.7203","","","OUTCROP","SUBAERIAL","VOLCANIC ROCK","ANALCIMITE","","","","","EOCENE-OLIGOCENE","","","","WHOLE ROCK","","","","54.3","0.51","21.1","","3.27","","","","2.75","1.07","0.21","0.23","5.76","6.41","0.17","","","","","","","","","","4.95","","","","","","","0.81","123","3.32","5.36","0.38","28.18","102","","65.02","2122","26.97","HR_ICPMS","","","215","23.94","0.98","","","1.25","2.24","1978","HR_ICPMS","","","55.53","HR_ICPMS","","","97.74","HR_ICPMS","","","10.57","37.11","HR_ICPMS","","","6.64","1.91","5.84","0.85","4.47","0.91","2.53","","2.54","0.39","4.28","1.17","1.3","","","","43.32","HR_ICPMS","","","15.05","4.89","","","","","","","","","","","","","","","",
"2021"," [25178] SOLTANMOHAMMADI A. (2021)","samp. M-14","","ANATOLIA-IRAN BELT / IRAN / URUMIEH-DOKHTAR ARC","SALAVAT RANGE","38.6722","47.7203","38.6722","47.7203","","","OUTCROP","SUBAERIAL","VOLCANIC ROCK","ANALCIMITE","","","","","EOCENE-OLIGOCENE","","","","WHOLE ROCK","","","","47.8","0.5","19.1","","4.37","","","","4.43","1.61","0.12","0.15","1.84","7.3","0.38","","","","","","","","","","9.33","","","","","","","2.75","111","4.85","8.61","2","45.85","70.75","","28.57","1082","19.56","HR_ICPMS","","","206","20.09","0.74","","","","4.48","1194","HR_ICPMS","","","37.71","HR_ICPMS","","","65.9","HR_ICPMS","","","7.34","27.05","HR_ICPMS","","","4.93","1.3","3.36","0.57","3.12","0.63","1.82","","1.89","0.3","3.19","1.06","2.48","","","","21.69","HR_ICPMS","","","14.42","5.13","","","","","","","","","","","","","","","",
"2021"," [25178] SOLTANMOHAMMADI A. (2021)","samp. M-15","","ANATOLIA-IRAN BELT / IRAN / URUMIEH-DOKHTAR ARC","SALAVAT RANGE","38.6722","47.7203","38.6722","47.7203","","","OUTCROP","SUBAERIAL","VOLCANIC ROCK","ANALCIMITE","","","","","EOCENE-OLIGOCENE","","","","WHOLE ROCK","","","","50","0.54","19.75","","4.17","","","","2.89","2.61","0.19","0.26","4.52","7.17","0.28","","","","","","","","","","8.56","","","","","","","3.34","162","3.62","8.36","1.98","65.64","89.58","","81.52","683","23.66","HR_ICPMS","","","161","15.48","0.37","","","1.11","3.95","2199","HR_ICPMS","","","43.84","HR_ICPMS","","","78.08","HR_ICPMS","","","8.74","32.61","HR_ICPMS","","","6.08","1.84","5.44","0.74","4.02","0.79","2.03","","2.13","0.32","3.2","0.74","1.64","","","","30.94","HR_ICPMS","","","11.25","3.25","","","","","","","","","","","","","","","",
"2021"," [25178] SOLTANMOHAMMADI A. (2021)","samp. M-19A","","ANATOLIA-IRAN BELT / IRAN / URUMIEH-DOKHTAR ARC","SALAVAT RANGE","38.6722","47.7203","38.6722","47.7203","","","OUTCROP","SUBAERIAL","VOLCANIC ROCK","ANALCIMITE","","","","","EOCENE-OLIGOCENE","","","","WHOLE ROCK","","","","50.8","0.62","20.2","","4.88","","","","4.57","1.72","0.19","0.24","4.94","5.99","0.43","","","","","","","","","","5.31","","","","","","","5.31","217","6.29","10.97","2.48","159","99.15","","82.06","3039","24.92","HR_ICPMS","","","181","21.59","1.19","","","0.98","1.59","2128","HR_ICPMS","","","47.73","HR_ICPMS","","","84.23","HR_ICPMS","","","9.38","35.05","HR_ICPMS","","","6.9","1.93","5.71","0.77","4.18","0.81","2.15","","2.18","0.31","3.42","0.98","0.78","","","","43","HR_ICPMS","","","13.11","4.44","","","","","","","","","","","","","","","",
"2021"," [25178] SOLTANMOHAMMADI A. (2021)","samp. M-10","","ANATOLIA-IRAN BELT / IRAN / URUMIEH-DOKHTAR ARC","SALAVAT RANGE","38.6722","47.7203","38.6722","47.7203","","","OUTCROP","SUBAERIAL","VOLCANIC ROCK","ANALCIMITE","","","","","EOCENE-OLIGOCENE","","","","MINERAL / COMPONENT (INCL. GROUNDMASS)","ANALCIME","","PRIMARY","57.05","","22.57","","0.26","","","","0.13","","","","0.02","13.21","","","","","","","","","","","","","","","","","","","","","","","","","","","","","","","","","","","","","","","","","","","","","","","","","","","","","","","","","","","","","","","","","","","","","","","","","","","","","","","","","","","","","","","","","","","","",
"2023"," [26218] NOSOVA A. A. (2023)","samp. 19TR-50","","BALTIC SHIELD / BELOMORIAN PROVINCE / TURIJ MYS","","67","34.5","67","34.5","","","OUTCROP","SUBAERIAL","VOLCANIC ROCK","ANALCIMITE","","","","","DEVONIAN","","","","WHOLE ROCK","","","","","","","","","","","","","","","","","","","","","","","","","","","","","","","","","","","","","","","","","","","54.1","2629","","","","","","","","","","","","","","","","","","","","","","","","","137","TIMS_ID","","","19","","","","","","","","","","","","","","","","","","","","","","0.512589","","4.4","0.0842","0.703931","0.703615","-6","0.056","","","","","","","",
"2023"," [26218] NOSOVA A. A. (2023)","samp. 19TR-50","","BALTIC SHIELD / BELOMORIAN PROVINCE / TURIJ MYS","","67","34.5","67","34.5","","","OUTCROP","SUBAERIAL","VOLCANIC ROCK","ANALCIMITE","","","","","DEVONIAN","","","","MINERAL / COMPONENT (INCL. GROUNDMASS)","PEROVSKITE","","PRIMARY","","","","","","","","","","","","","","","","","","","","","","","","","","","","","","","","","","","","","","","","24","9001","","","","","","","","","","","","","","","","","","","","","","","","","7223","TIMS_ID","","","810","","","","","","","","","","","","","","","","","","","","","","0.512567","","4.8","0.06779","0.70357","0.70353","","0.0077","","","","","","","",

Download from GEOROC - Geochemical Database
Date of Query: Friday, April 11, 2025
Please note: There is a List of your Query Criteria at the End of this Sheet.


References:
"[636] OVERSBY V. M.:   LEAD IN OCEANIC ISLANDS: FAIAL, AZORES AND TRINDADE |  EARTH PLANET. SCI. LETT. 11    [1971]  401-406  | doi: 10.1016/0012-821X(71)90201-9"
"[818] MAURY R. C., EL AZZOUZI M., BELLON H., LIOTARD J.- M., GUILLE G., BARSCZUS H. G., CHAUVEL C., DIRAISON C., DUPUY C., VIDAL P., BROUSSE R.:   GEOLOGY AND PETROLOGY OF TUBUAI (AUSTRAL ISLANDS, FRENCH POLYNESIA) |  COMPT. REND. ACAD. SCI. PARIS SER. 2A 318    [1994]  1341-1347 "
"[1577] CAROFF M., MAURY R. C., GUILLE G., COTTEN J.:   PARTIAL MELTING BELOW TUBUAI (AUSTRAL ISLANDS, FRENCH POLYNESIA) |  CONTRIB. MINERAL. PETROL. 127    [1997]  369-382  | doi: 10.1007/s004100050286"
"[2582] MITCHELL-THOME R. C.:   GEOLOGY OF THE SOUTH ATLANTIC ISLANDS |   [1970]  1-350 "
"[2977] BASU A. R., POREDA R. J., RENNE P. R., TEICHMANN F., VASIL^EV YU. R., SOBOLEV N. V., TURRIN B. D.:   HIGH-3HE PLUME ORIGIN AND TEMPORAL-SPATIAL EVOLUTION OF THE SIBERIAN FLOOD BASALTS |  SCIENCE 269    [1995]  822-825  | GeoReM-id: 229 | doi: 10.1126/science.269.5225.822"
"[4435] ONUMA N., MONTOYA M.:   SR/CA-BA/CA SYSTEMATICS OF VOLCANIC ROCKS FROM THE CENTRAL ANDES, SOUTHERN PERU, AND ITS IMPLICATIONS FOR ANDEAN MAGMATISM |  GEOCHEM. J. 18    [1984]  251-262  | doi: 10.2343/geochemj.18.251"
"[4820] MCDONOUGH W. F., MCCULLOCH M. T., SUN SHEN-SU:   ISOTOPIC AND GEOCHEMICAL SYSTEMATICS IN TERTIARY-RECENT BASALTS FROM SOUTHEASTERN AUSTRALIA AND IMPLICATIONS FOR THE EVOLUTION OF THE SUB-CONTINENTAL MANTLE |  GEOCHIM. COSMOCHIM. ACTA 49    [1985]  2051-2067  | doi: 10.1016/0016-7037(85)90063-8"
"[7619] VOGEL D. C., KEAYS R. R.:   THE PETROGENESIS AND PLATINUM-GROUP ELEMENT GEOCHEMISTRY OF THE NEWER VOLCANIC PROVINCE, VICTORIA, AUSTRALIA |  CHEM. GEOL. 136    [1997]  181-204  | doi: 10.1016/S0009-2541(96)00142-8"
"[7696] CVETKOVIC V., PRELEVIC D., DOWNES H., JOVANOVIC M., VASELLI O., PECSKAY Z.:   ORIGIN AND GEODYNAMIC SIGNIFICANCE OF TERTIARY POSTCOLLISIONAL BASALTIC MAGMATISM IN SERBIA (CENTRAL BALKAN PENINSULA) |  LITHOS 73    [2004]  161-186  | doi: 10.1016/j.lithos.2003.12.004"
"[8205] IRVING A. J., FREY F. A.:   TRACE ELEMENT ABUNDANCES IN MEGACRYSTS AND THEIR HOST BASALTS: CONSTRAINTS ON PARTITION COEFFICIENTS AND MEGACRYST GENESIS |  GEOCHIM. COSMOCHIM. ACTA 48    [1984]  1201-1221  | doi: 10.1016/0016-7037(84)90056-5"
"[8586] SHRBENY O.:   GEOCHEMISTRY OF THE WEST BOHEMIAN NEOVOLCANICS |  CAS. MINERAL. GEOL. 24    [1979]  9-21 "
"[8629] STUCKLESS J. S., IRVING A. J.:   STRONTIUM ISOTOPE GEOCHEMISTRY OF MEGACRYSTS AND HOST BASALTS FROM SOUTHEASTERN AUSTRALIA |  GEOCHIM. COSMOCHIM. ACTA 40    [1976]  209-213  | doi: 10.1016/0016-7037(76)90178-2"
"[9574] EHRENBERG K.-H.:   PETROGRAPHY OF THE VOLCANIC ROCKS |   [1971]  89-108 "
"[10165] NELSON D. R., MCCULLOCH M. T., SUN SHEN-SU:   THE ORIGINS OF ULTRAPOTASSIC ROCKS AS INFERRED FROM SR, ND AND PB ISOTOPES |  GEOCHIM. COSMOCHIM. ACTA 50    [1986]  231-245  | doi: 10.1016/0016-7037(86)90172-9"
"[13412] SHRBENY O.:   CHEMISTRY OF ALKALINE VOLCANIC ROCKS OF THE DOUPOVSKE HORY MTS., BOHEMIA |  CAS. MINERAL. GEOL. 27    [1982]  139-158 "
"[14272] DE MORAES R.:   PETROLOGICAL ASPECTS ON THE ALKALINE MAGMATISM OF SANTO ANTONIO DA BARRA, GO. |  REV. BRAS. GEOCIENC. 18    [1988]  33-42  | doi: 10.25249/0375-7536.19881813342"
"[14703] SGARBI P. B. A., CLAYTON R. N., MAYEDA T. K., GASPAR J. C.:   OXYGEN ISOTOPE THERMOMETRY OF BRAZILIAN POTASSIC VOLCANIC ROCKS OF KAMAFUGITIC AFFINITIES |  CHEM. GEOL. 146    [1998]  115-126  | doi: 10.1016/S0009-2541(97)00136-8"
"[16836] FERGUSON J., SHERATON J. W.:   PETROGENESIS OF KIMBERLITIC ROCKS AND ASSOCIATED XENOLITHS OF SOUTHEASTERN AUSTRALIA |   [1979]  140-160  | doi: 10.1029/SP015p0140"
"[20069] BOETTCHER A. L., O^NEIL J. R.:   STABLE ISOTOPE, CHEMICAL, AND PETROGRAPHIC STUDIES OF HIGH-PRESSURE AMPHIBOLES AND MICAS: EVIDENCE FOR METASOMATISM IN THE MANTLE SOURCE REGIONS OF ALKALI BASALTS AND KIMBERLITES |  AM. J. SCI. 280-A    [1980]  594-621 "
"[20136] SHRBENY O.:   MAJOR AND TRACE ELEMENTS IN TERTIARY VOLCANICS OF THE LUZICKE HORY MTS. AND THE ADJACENT AREA, NORTHERN BOHEMIA |  CAS. MINERAL. GEOL. 34    [1989]  235-253 "
"[21006] VASIL^EV YU. R., GORA M. P., KUZMIN D. V.:   PETROLOGY OF FOIDITIC AND MEYMECHITIC VOLCANISM IN THE MAIMECHA-KOTUI PROVINCE (POLAR SIBERIA) |  RUSS. GEOL. GEOPHYS. 58    [2017]  659-673  | doi: 10.1016/j.rgg.2017.05.001"
"[21799] VASIL^EV YU. R., DAVIES G., KUZMIN D. V.:   FOIDITE AND MEIMECHITE LAVAS OF POLAR SIBERIA (SOME QUESTIONS OF PETROGENESIS) |  DOKL. EARTH SCI. 478    [2018]  103-107  | doi: 10.1134/S1028334X18010282"
"[25178] SOLTANMOHAMMADI A., GREGOIRE M., CEULENEER G., BENOIT M., BEDARD L. P., GOUY S., RABINOWICZ M.:   ORIGIN OF ANTECRYSTS IN IGNEOUS ROCKS FROM THE SALAVAT RANGE (NW IRAN): AN EXPLANATION FOR THE GEOCHEMICAL SIGNATURE OF POTASSIC ALKALINE ROCKS |  J. PETROL. 62 (EGAB031)   [2021]   | doi: 10.1093/petrology/egab031"
"[26218] NOSOVA A. A., KOPYLOVA M. G., LEBEDEVA N. M., LARIONOVA YU. O., KARGIN A. V., SAZONOVA L. V., VOZNIAK A. A., KOVACH V. P.:   MELT SOURCES FOR ALKALINE CARBONATE-BEARING ROCKS OF THE TERSKIY COAST (KOLA ALKALINE CARBONATITIC PROVINCE) |  CHEM. GEOL. 617 (121267)   [2023]   | doi: 10.1016/j.chemgeo.2022.121267"

Criteria:
QUERY - BY - PETROGRAPHY: -  - - - VOLCANIC - ROCKS - - - ANALCIMIT.../ - - - SAMPLE - CRITERIA - (COMBINED - WITH - OR): - - - MINERAL - / - COMPONENT: - AMPHIBOLE - / - ANALCIME - / - KAERSUTITE - / - MAGNETITE - / - MICA - / - PEROVSKITE - / - PYROXENE - - - SAMPLE - NAME: - 100 - / - 101 - / - 102 - / - 112A - / - 115 - / - 12 - / - 121 - / - 13 - / - 17 - / - 178 - / - 178A - / - 18 - / - 184 - / - 191 - / - 1941-10 - / - 1941-4 - / - 1941-4B - / - 19TR-50 - / - 20 - / - 22 - / - 225 - / - 233 - / - 3 - / - 3005/10 - / - 32 - / - 34 - / - 35 - / - 35A - / - 36 - / - 37 - / - 38 - / - 39 - / - 4 - / - 40 - / - 41 - / - 42 - / - 43 - / - 44 - / - 45 - / - 46 - / - 47 - / - 48 - / - 49 - / - 50 - / - 51 - / - 52 - / - 66 - / - 67 - / - 68 - / - 7 - / - 70-1174 - / - 70-139 - / - 71-10 - / - 71-8 - / - 73 - / - 73/10 - / - 73A - / - 8 - / - 85 - / - 86 - / - 87 - / - 88 - / - 89 - / - 9 - / - 90 - / - 91 - / - 92 - / - 93 - / - 98 - / - 99 - / - CV-03 - / - HH-321 - / - LM - 89-A - / - LM17 - / - M-10 - / - M-11 - / - M-14 - / - M-15 - / - M-19A - / - M3 - / - MUR-4 - / - SM-37 - / - SM8 - / - TB-102 - / - TB-124 - / - TB-131 - / - TB-140 - / - TB-211 - / - TB-24 - / - TB-243 - / - TB31 - / - TB46 - / - TB-46 - / - UCTD12 - - - SAMPLING - TECHNIQUE: - OUTCROP - - - ROCK - TYPE: - VOLCANIC - ROCK - - - ELEVATION - (MIN.): - 753 - - - ELEVATION - (MAX.): - 753 - - - LAND/SEA - (SAMPLING): - SUBAERIAL - - - ROCK - NAME: - ANALCIMITE - / - ANALCIMITE, - AMPHIBOLE - / - ANALCIMITE, - MELILITE - / - ANALCIMITE, - NEPHELINE - / - ANALCIMITE, - NEPHELINE-OLIVINE - / - ANALCIMITE, - OLIVINE - / - ANALCIMITE, - OLIVINE-NEPHELINE - - - TYPE - OF - MATERIAL: - MINERAL - / - COMPONENT - (INCL. - GROUNDMASS) - / - WHOLE - ROCK - - - CRYSTAL: - MACROCRYST - 