"Year","CITATION","SAMPLE NAME","UNIQUE_ID","LOCATION","LOCATION COMMENT","LATITUDE (MIN.)","LONGITUDE (MIN.)","LATITUDE (MAX.)","LONGITUDE (MAX.)","ELEVATION (MIN.)","ELEVATION (MAX.)","SAMPLING TECHNIQUE","LAND/SEA (SAMPLING)","ROCK TYPE","ROCK NAME","ROCK TEXTURE","SAMPLE COMMENT","GEOLOGICAL AGE","GEOLOGICAL AGE PREFIX","TYPE OF MATERIAL","MINERAL / COMPONENT","SPOT (MINERAL)","RIM / CORE (MINERAL GRAINS)","PRIMARY/SECONDARY","SIO2(WT%)","TIO2(WT%)","AL2O3(WT%)","CR2O3(WT%)","FE2O3T(WT%)","FE2O3(WT%)","FEO(WT%)","CAO(WT%)","MGO(WT%)","MNO(WT%)","NIO(WT%)","K2O(WT%)","NA2O(WT%)","P2O5(WT%)","H2OP(WT%)","H2OM(WT%)","LOI(WT%)","K(WT%)","AR40(CCMSTP/G)","SC(PPM)","TI(PPM)","V(PPM)","CR(PPM)","CO(PPM)","NI(PPM)","CU(PPM)","ZN(PPM)","GA(PPM)","RB(PPM)","SR(PPM)","Y(PPM)","ZR(PPM)","NB(PPM)","CS(PPM)","BA(PPM)","LA(PPM)","CE(PPM)","PR(PPM)","ND(PPM)","SM(PPM)","EU(PPM)","GD(PPM)","TB(PPM)","DY(PPM)","HO(PPM)","ER(PPM)","TM(PPM)","YB(PPM)","LU(PPM)","HF(PPM)","TA(PPM)","PB(PPM)","TH(PPM)","U(PPM)","ND143_ND144","SM147_ND144","SR87_SR86","RB87_SR86","PB207_PB206","HF176_HF177","LU176_HF177","YB176_HF177","PB206_U238","PB207_U235","AGE(MA): altern. values or methods","","","","AGE_PB207_PB206(MA)",
"1958"," [3600] YAMAGUCHI M. (1958)","samp. 10","","HONSHU ARC / SOUTHWESTERN HONSHU ARC / AWAJI-SHIMA","SETOUCHI VOLCANIC ZONE, SANUKI","32.5","132","34.5","135","","","OUTCROP","SUBAERIAL","VOLCANIC ROCK","SANUKITE","","","MIOCENE","UPPER","WHOLE ROCK","","","","","63.93","0.5","16.46","","","2.45","2.35","4.66","2.58","0.18","","2.71","4.15","0.1","0.15","0","","","","","","","","","","","","","","","","","","","","","","","","","","","","","","","","","","","","","","","","","","","","","","","","","","","","","",
"1971"," [3846] PHILPOTTS J. A. (1971)","samp. GSFC#215","","HONSHU ARC / SOUTHWESTERN HONSHU ARC / HONSHU / NIJO","ISSI MAKURI, EAST OF OSAKA","34.7","135.6","34.7","135.6","","","OUTCROP","SUBAERIAL","VOLCANIC ROCK","SANUKITE","","BASAL CHILLED MARGIN","","","WHOLE ROCK","","","","","","","","","","","","","","","","","","","","","","","","","","","","","","","","","","","","","","","536","","43.1","","18.2","3.75","1.04","4.26","","","","2.27","","2.1","0.385","","","","","","","","","","","","","","","","","","","","",
"1957"," [4734] MORIMOTO R. (1957)","samp. N2","","HONSHU ARC / SOUTHWESTERN HONSHU ARC / HONSHU / NIJO / KASUGAYAMA LAVA","NEAR OSAKA","34.7","135.6","34.7","135.6","","","OUTCROP","SUBAERIAL","VOLCANIC ROCK","SANUKITE, ANDESINE-HYPERSTHENE","APHANITIC","G-STAGE","MIOCENE","UPPER","WHOLE ROCK","","","","","61.72","0.62","19.18","","","0.53","4.11","5.59","2.12","0.1","","1.99","2.65","0.18","0.45","0.23","","","","","","","","","","","","","","","","","","","","","","","","","","","","","","","","","","","","","","","","","","","","","","","","","","","","","",
"1957"," [4734] MORIMOTO R. (1957)","samp. N3","","HONSHU ARC / SOUTHWESTERN HONSHU ARC / HONSHU / NIJO / KOTOKU-LAVA","NEAR OSAKA","34.7","135.6","34.7","135.6","","","OUTCROP","SUBAERIAL","VOLCANIC ROCK","SANUKITE, ANDESINE-HYPERSTHENE","APHANITIC","G-STAGE","MIOCENE","UPPER","WHOLE ROCK","","","","","60.19","0.7","17.29","","","1.47","3.77","5.49","2","0.07","","1.85","3.41","0.12","2.86","0.49","","","","","","","","","","","","","","","","","","","","","","","","","","","","","","","","","","","","","","","","","","","","","","","","","","","","","",
"1947"," [4897] KUNO H. (1947)","samp. 5","","HONSHU ARC / SOUTHWESTERN HONSHU ARC / HONSHU","IKOMASAN, 20 KM  E OF OSAKA CITY","34.7","135.6","34.7","135.6","","","OUTCROP","SUBAERIAL","VOLCANIC ROCK","SANUKITE","","BRONZITE MINERAL","","","MINERAL / COMPONENT (INCL. GROUNDMASS)","BRONZITE","","","PRIMARY","54.68","","1.93","","","","12.59","2.99","25.83","","","","","","","","","","","","","","","","","","","","","","","","","","","","","","","","","","","","","","","","","","","","","","","","","","","","","","","","","","","","",
"1980"," [6343] TATSUMI Y. (1980)","samp. WK-18","","HONSHU ARC / SOUTHWESTERN HONSHU ARC / KYUSHU/UKU JIMA / UKUSHIMA","UKU-JIMA, NAGASAKI AREA, SETOUCHI VOLCANIC BELT","33.2833","129.1251","33.2833","129.1251","","","OUTCROP","SUBAERIAL","VOLCANIC ROCK","SANUKITE","","","","","WHOLE ROCK","","","","","","","","","","","","","","","","","","","","","","2.01","4.8E-05","","","","","","","","","","","","","","","","","","","","","","","","","","","","","","","","","","","","","","","","","","","","","","4.3","K-AR","","","",
"1980"," [6343] TATSUMI Y. (1980)","samp. WK-3.1","","HONSHU ARC / SOUTHWESTERN HONSHU ARC / KYUSHU","TAKU, SAGA AREA, SETOUCHI VOLCANIC BELT","33.2667","130.1126","33.2667","130.1126","","","OUTCROP","SUBAERIAL","VOLCANIC ROCK","SANUKITE","","","","","WHOLE ROCK","","","","","","","","","","","","","","","","","","","","","","2.86","9.3E-07","","","","","","","","","","","","","","","","","","","","","","","","","","","","","","","","","","","","","","","","","","","","","","8.3","K-AR","","","",
"1980"," [6343] TATSUMI Y. (1980)","samp. OT-9.3","","HONSHU ARC / SOUTHWESTERN HONSHU ARC / KYUSHU","DAISANGO-YAMA, OITA AREA, SETOUCHI VOLCANIC BELT","33.0014","131.55","33.0014","131.55","","","OUTCROP","SUBAERIAL","VOLCANIC ROCK","SANUKITE","","","","","VOLCANIC GLASS","","","","","","","","","","","","","","","","","","","","","","1.79","8.9E-07","","","","","","","","","","","","","","","","","","","","","","","","","","","","","","","","","","","","","","","","","","","","","","13.2","K-AR","","","",
"1980"," [6343] TATSUMI Y. (1980)","samp. YBK-5.1","","HONSHU ARC / SOUTHWESTERN HONSHU ARC / KYUSHU","KINOKO-DAKE, OITA AREA, SETOUCHI VOLCANIC BELT","33.4459","133.1709","33.4459","133.1709","","","OUTCROP","SUBAERIAL","VOLCANIC ROCK","SANUKITE","","","","","WHOLE ROCK","","","","","","","","","","","","","","","","","","","","","","1.49","1.8E-07","","","","","","","","","","","","","","","","","","","","","","","","","","","","","","","","","","","","","","","","","","","","","","3.2","K-AR","","","",
"1980"," [6343] TATSUMI Y. (1980)","samp. WK-18","","HONSHU ARC / SOUTHWESTERN HONSHU ARC / KYUSHU/UKU JIMA / UKUSHIMA","UKU-JIMA, NAGASAKI AREA, SETOUCHI VOLCANIC BELT","33.2833","129.1251","33.2833","129.1251","","","OUTCROP","SUBAERIAL","VOLCANIC ROCK","SANUKITE","","","","","WHOLE ROCK","","","","","","","","","","","","","","","","","","","","","","2.03","","","","","","","","","","","","","","","","","","","","","","","","","","","","","","","","","","","","","","","","","","","","","","","","","","","",
"1980"," [6343] TATSUMI Y. (1980)","samp. WK-3.1","","HONSHU ARC / SOUTHWESTERN HONSHU ARC / KYUSHU","TAKU, SAGA AREA, SETOUCHI VOLCANIC BELT","33.2667","130.1126","33.2667","130.1126","","","OUTCROP","SUBAERIAL","VOLCANIC ROCK","SANUKITE","","","","","WHOLE ROCK","","","","","","","","","","","","","","","","","","","","","","2.91","9.4E-07","","","","","","","","","","","","","","","","","","","","","","","","","","","","","","","","","","","","","","","","","","","","","","","","","","",
"1980"," [6343] TATSUMI Y. (1980)","samp. OT-9.3","","HONSHU ARC / SOUTHWESTERN HONSHU ARC / KYUSHU","DAISANGO-YAMA, OITA AREA, SETOUCHI VOLCANIC BELT","33.0014","131.55","33.0014","131.55","","","OUTCROP","SUBAERIAL","VOLCANIC ROCK","SANUKITE","","","","","VOLCANIC GLASS","","","","","","","","","","","","","","","","","","","","","","1.79","9.5E-07","","","","","","","","","","","","","","","","","","","","","","","","","","","","","","","","","","","","","","","","","","","","","","","","","","",
"1980"," [6343] TATSUMI Y. (1980)","samp. YBK-5.1","","HONSHU ARC / SOUTHWESTERN HONSHU ARC / KYUSHU","KINOKO-DAKE, OITA AREA, SETOUCHI VOLCANIC BELT","33.4459","133.1709","33.4459","133.1709","","","OUTCROP","SUBAERIAL","VOLCANIC ROCK","SANUKITE","","","","","WHOLE ROCK","","","","","","","","","","","","","","","","","","","","","","1.52","2E-07","","","","","","","","","","","","","","","","","","","","","","","","","","","","","","","","","","","","","","","","","","","","","","","","","","",
"1983"," [6609] SATO H. (1983)","samp. 158","142904","HONSHU ARC / SOUTHWESTERN HONSHU ARC / SHIKOKU","NORTHEAST SHIKOKU, GOSHIKIDAI AREA, KOKUBUDAI TOP","34.3317","133.9381","34.3317","133.9381","","","OUTCROP","SUBAERIAL","VOLCANIC ROCK","SANUKITE","","","","","MINERAL / COMPONENT (INCL. GROUNDMASS)","OLIVINE","1-2","CORE","PRIMARY","40.15","0","0.03","0.03","","","11.08","0.1","48.49","0.15","0.17","","0.01","","","","","","","","","","","","","","","","","","","","","","","","","","","","","","","","","","","","","","","","","","","","","","","","","","","","","","","","",
"1983"," [6609] SATO H. (1983)","samp. 158","142904","HONSHU ARC / SOUTHWESTERN HONSHU ARC / SHIKOKU","NORTHEAST SHIKOKU, GOSHIKIDAI AREA, KOKUBUDAI TOP","34.3317","133.9381","34.3317","133.9381","","","OUTCROP","SUBAERIAL","VOLCANIC ROCK","SANUKITE","","","","","MINERAL / COMPONENT (INCL. GROUNDMASS)","OLIVINE","1-7","","PRIMARY","39.65","0","0.14","0.02","","","15.08","0.11","44.83","0.18","0.17","","0.04","","","","","","","","","","","","","","","","","","","","","","","","","","","","","","","","","","","","","","","","","","","","","","","","","","","","","","","","",
"1983"," [6609] SATO H. (1983)","samp. 158","142904","HONSHU ARC / SOUTHWESTERN HONSHU ARC / SHIKOKU","NORTHEAST SHIKOKU, GOSHIKIDAI AREA, KOKUBUDAI TOP","34.3317","133.9381","34.3317","133.9381","","","OUTCROP","SUBAERIAL","VOLCANIC ROCK","SANUKITE","","","","","MINERAL / COMPONENT (INCL. GROUNDMASS)","OLIVINE","1-4","RIM","PRIMARY","38.36","0","0.16","0","","","18.06","0.1","42.07","0.24","0.15","","0.03","","","","","","","","","","","","","","","","","","","","","","","","","","","","","","","","","","","","","","","","","","","","","","","","","","","","","","","","",
"1981"," [6830] SATO H. (1981)","samp. 68032915","","HONSHU ARC / SOUTHWESTERN HONSHU ARC / SHIKOKU","NORTHEAST SHIKOKU, GOSHIKIDAI AREA, RENKOJIYAMA QUARRY","34.3028","133.9414","34.3028","133.9414","","","OUTCROP","SUBAERIAL","VOLCANIC ROCK","SANUKITE, ANDESINE","SPARSELY PHYRIC","LAVA FLOW-IV","","","WHOLE ROCK","","","","","64.07","0.56","17.89","","","1.68","2.34","4.43","2.35","0.12","","2.74","4.01","0.03","0.25","0","","","","","","","64","","24","","","","104","277","14","199","","","","","","","","","","","","","","","","","","","","","","","","","","","","","","","","","","","","","",
"1981"," [6830] SATO H. (1981)","samp. 80032102","","HONSHU ARC / SOUTHWESTERN HONSHU ARC / SHIKOKU","NORTHEAST SHIKOKU, GOSHIKIDAI AREA, SHIRAMINE ROUTE","34.3375","133.9306","34.3375","133.9306","303","303","OUTCROP","SUBAERIAL","VOLCANIC ROCK","SANUKITE, ANDESINE","SPARSELY PHYRIC","LAVA FLOW-IV","","","WHOLE ROCK","","","","","65.82","0.5","16.98","","","","3.42","3.95","1.69","0.09","","2.89","4.02","","","","","","","","","","47","","22","","","","117","275","21","214","","","","","","","","","","","","","","","","","","","","","","","","","","","","","","","","","","","","","",
"1981"," [6830] SATO H. (1981)","samp. 690729A","","HONSHU ARC / SOUTHWESTERN HONSHU ARC / SHIKOKU","NORTHEAST SHIKOKU, GOSHIKIDAI AREA, KOKUBUDAI S","34.3211","133.9511","34.3211","133.9511","","","OUTCROP","SUBAERIAL","VOLCANIC ROCK","SANUKITE, ANDESINE","SPARSELY PHYRIC","LAVA FLOW-IV, BANDED LAVA","","","WHOLE ROCK","","","","","65.91","0.49","17.12","","","","2.94","4.12","1.75","0.09","","2.89","4.2","","","","","","","","","","52","","9","","","","","","","","","","","","","","","","","","","","","","","","","","","","","","","","","","","","","","","","","","","","",
"2019 "," [22773] YANG LIMING(2019)  [GeoReM [11822] ]","samp. 12LJ-13","","CENTRAL ASIAN FOLDBELT - PALEOZOIC / CHINA - PALEOZOIC / QINGHAI PROVINCE","ZHABA, CENTRAL QILIAN BLOCK","36","102","36","102","","","OUTCROP","SUBAERIAL","VOLCANIC ROCK","SANUKITE","","","PALEOZOIC","","WHOLE ROCK","","","","","54.51","0.76","13.53","","6.66","","","5.26","6.2","0.07","","1.55","2.42","0.25","","","7.94","","","22","5048","164","444.2","21.1","135.6","25.9","48.6","18.1","63.5","283.2","13.9","138.1","22","3.5","613.4","40.7","73.4","7.8","27.5","4.5","1.3","3.6","0.5","2.7","0.5","1.5","0.2","1.4","0.2","3.6","1.4","3.5","10.1","1.8","0.512174","0.1","0.71069","0.6335","","","","","","","","","","","",
"2019 "," [22773] YANG LIMING(2019)  [GeoReM [11822] ]","samp. 12LJ-14","","CENTRAL ASIAN FOLDBELT - PALEOZOIC / CHINA - PALEOZOIC / QINGHAI PROVINCE","ZHABA, CENTRAL QILIAN BLOCK","36","102","36","102","","","OUTCROP","SUBAERIAL","VOLCANIC ROCK","SANUKITE","","","PALEOZOIC","","WHOLE ROCK","","","","","55.53","0.77","13.87","","6.49","","","5.5","6.32","0.06","","1.64","2.49","0.25","","","6.23","","","21.6","4960","164.4","421.6","20","125.9","210.6","42.4","19.1","86.1","416","16.3","150.6","21.9","2.4","995.6","37.6","68.3","7.5","27.3","4.8","1.4","4.1","0.5","3.1","0.6","1.7","0.2","1.6","0.2","3.8","1.4","3.5","8.9","2.1","","","","","","","","","","","","","","","",
"2019 "," [22773] YANG LIMING(2019)  [GeoReM [11822] ]","samp. 12LJ-15","","CENTRAL ASIAN FOLDBELT - PALEOZOIC / CHINA - PALEOZOIC / QINGHAI PROVINCE","ZHABA, CENTRAL QILIAN BLOCK","36","102","36","102","","","OUTCROP","SUBAERIAL","VOLCANIC ROCK","SANUKITE","","","PALEOZOIC","","WHOLE ROCK","","","","","60.73","0.68","12.51","","5.67","","","5.06","4.67","0.05","","1.24","2.19","0.22","","","5.96","","","19.7","4498","145.6","384.4","16.8","110.5","300","33.9","17","61","264.2","15.1","135.5","20.2","3.9","255.2","31.6","59.5","6.7","25","4.4","1.2","3.8","0.5","2.8","0.5","1.5","0.2","1.4","0.2","3.5","1.3","3.6","8","2.1","0.512215","0.11","0.710295","0.6524","","","","","","","","","","","",
"2019 "," [22773] YANG LIMING(2019)  [GeoReM [11822] ]","samp. LJ-3","","CENTRAL ASIAN FOLDBELT - PALEOZOIC / CHINA - PALEOZOIC / QINGHAI PROVINCE","ZHABA, CENTRAL QILIAN BLOCK","36","102","36","102","","","OUTCROP","SUBAERIAL","VOLCANIC ROCK","SANUKITE","","","PALEOZOIC","","WHOLE ROCK","","","","","54.93","0.71","13.1","","7.08","","","5.23","6.96","0.07","","1.25","2.83","0.21","","","6.97","","","22.2","5420","194","500.2","29.3","138.7","95.5","61.5","18.2","72.7","279.6","15.9","130","21.1","2.3","391.8","36.3","67.8","7.4","26.9","4.6","1.3","3.9","0.5","3","0.6","1.7","0.2","1.5","0.2","3","1.3","2","6.6","1.9","","","","","","","","","","","","","","","",
"2019 "," [22773] YANG LIMING(2019)  [GeoReM [11822] ]","samp. LJ-4","","CENTRAL ASIAN FOLDBELT - PALEOZOIC / CHINA - PALEOZOIC / QINGHAI PROVINCE","ZHABA, CENTRAL QILIAN BLOCK","36","102","36","102","","","OUTCROP","SUBAERIAL","VOLCANIC ROCK","SANUKITE","","","PALEOZOIC","","WHOLE ROCK","","","","","56.87","0.73","14.16","","6.75","","","5.95","5.43","0.05","","1.28","2.73","0.22","","","5.2","","","21.4","5380","193.3","460.8","25.3","127","461.2","51.2","19.3","74.9","346.4","14.2","133.8","21","3","316.6","27.8","52","5.7","21.4","3.9","1.2","3.4","0.5","2.6","0.5","1.4","0.2","1.3","0.2","3.1","1.3","2.8","6.9","2","","","","","","","","","","","","","","","",
"2019 "," [22773] YANG LIMING(2019)  [GeoReM [11822] ]","samp. LJ-5","","CENTRAL ASIAN FOLDBELT - PALEOZOIC / CHINA - PALEOZOIC / QINGHAI PROVINCE","ZHABA, CENTRAL QILIAN BLOCK","36","102","36","102","","","OUTCROP","SUBAERIAL","VOLCANIC ROCK","SANUKITE","","","PALEOZOIC","","WHOLE ROCK","","","","","55.7","0.77","14.47","","7.5","","","3.65","7.23","0.06","","1.17","3.11","0.22","","","5.44","","","24","5886","207.6","521.8","22.6","130.1","318.6","52.4","20.9","70.6","274.4","13.8","134.3","22.1","2.9","334.6","26.5","50","5.5","20","3.5","1","3.1","0.4","2.5","0.5","1.5","0.2","1.4","0.2","3.1","1.3","1.4","7.1","2","","","","","","","","","","","","","","","",
"2019 "," [22773] YANG LIMING(2019)  [GeoReM [11822] ]","samp. 12LJ-05","","CENTRAL ASIAN FOLDBELT - PALEOZOIC / CHINA - PALEOZOIC / QINGHAI PROVINCE","ZHABA, CENTRAL QILIAN BLOCK","36","102","36","102","","","OUTCROP","SUBAERIAL","VOLCANIC ROCK","SANUKITE","","","PALEOZOIC","","WHOLE ROCK","","","","","63.61","0.52","14.41","","3.44","","","2.81","2.58","0.05","","1.2","4.96","0.19","","","5.09","","","11.1","3508","92.1","88.7","7","16.7","3.3","30.6","19.4","70.9","241.2","12.8","143","21.9","4.1","226.6","25.5","46.5","5.1","19.1","3.5","1","3.1","0.4","2.4","0.5","1.3","0.2","1.2","0.2","3.8","1.5","4.4","8","2","","","","","","","","","","","","","","","",
"2019 "," [22773] YANG LIMING(2019)  [GeoReM [11822] ]","samp. LJ15-52","","CENTRAL ASIAN FOLDBELT - PALEOZOIC / CHINA - PALEOZOIC / QINGHAI PROVINCE","ZHABA, CENTRAL QILIAN BLOCK","36","102","36","102","","","OUTCROP","SUBAERIAL","VOLCANIC ROCK","SANUKITE","","","PALEOZOIC","","WHOLE ROCK","","","","","64.81","0.44","13.75","","3.58","","","4.05","2.36","0.05","","1.04","3.08","0.17","","","6.38","","","9.8","3422","82.1","68.6","13.7","19.1","15.4","101.7","18.3","50.3","412.2","10.3","144.6","20.8","3","139.6","32.5","58.7","6.2","20.9","3.4","1","2.9","0.4","2.2","0.5","1.3","0.2","1.4","0.2","4.2","1.6","12.7","12","2.8","","","","","","","","","","","","","","","",
"2019 "," [22773] YANG LIMING(2019)  [GeoReM [11822] ]","samp. LJ15-53","","CENTRAL ASIAN FOLDBELT - PALEOZOIC / CHINA - PALEOZOIC / QINGHAI PROVINCE","ZHABA, CENTRAL QILIAN BLOCK","36","102","36","102","","","OUTCROP","SUBAERIAL","VOLCANIC ROCK","SANUKITE","","","PALEOZOIC","","WHOLE ROCK","","","","","65.83","0.6","15.4","","4.23","","","2.15","2.88","0.08","","2.6","3.73","0.2","","","2.05","","","13.4","4330","115.8","90.4","11.9","25.5","12.5","119.1","20.1","63.7","498","15.2","161.9","24.9","2.1","1088.6","37.8","68.7","7.4","25.7","4.6","1.5","4","0.6","3.3","0.7","1.8","0.3","1.8","0.3","4.6","2.1","14.1","14","3.3","0.512086","0.11","0.709438","0.3695","","","","","","","","","","","",
"2019 "," [22773] YANG LIMING(2019)  [GeoReM [11822] ]","samp. LJ15-54","","CENTRAL ASIAN FOLDBELT - PALEOZOIC / CHINA - PALEOZOIC / QINGHAI PROVINCE","CENTRAL QILIAN BLOCK","36","102","36","102","","","OUTCROP","SUBAERIAL","VOLCANIC ROCK","SANUKITE","","","PALEOZOIC","","WHOLE ROCK","","","","","","","","","","","","","","","","","","","","","","","","","","","","","","","","","","","","","","","","","","","","","","","","","","","","","","","","","","","0.512244","0.1","0.710103","0.5284","","","","","","","","","","","",
"2019 "," [22773] YANG LIMING(2019)  [GeoReM [11822] ]","samp. LJ15-55","","CENTRAL ASIAN FOLDBELT - PALEOZOIC / CHINA - PALEOZOIC / QINGHAI PROVINCE","CENTRAL QILIAN BLOCK","36","102","36","102","","","OUTCROP","SUBAERIAL","VOLCANIC ROCK","SANUKITE","","","PALEOZOIC","","WHOLE ROCK","","","","","","","","","","","","","","","","","","","","","","","","","","","","","","","","","","","","","","","","","","","","","","","","","","","","","","","","","","","0.51218","0.1","0.709206","0.2965","","","","","","","","","","","",
"2019 "," [22773] YANG LIMING(2019)  [GeoReM [11822] ]","samp. LJ15-69","","CENTRAL ASIAN FOLDBELT - PALEOZOIC / CHINA - PALEOZOIC / QINGHAI PROVINCE","CENTRAL QILIAN BLOCK","36","102","36","102","","","OUTCROP","SUBAERIAL","VOLCANIC ROCK","SANUKITE","","","PALEOZOIC","","WHOLE ROCK","","","","","","","","","","","","","","","","","","","","","","","","","","","","","","","","","","","","","","","","","","","","","","","","","","","","","","","","","","","0.51217","0.11","0.708843","0.3516","","","","","","","","","","","",
"2019 "," [22773] YANG LIMING(2019)  [GeoReM [11822] ]","samp. 12LJ-15","","CENTRAL ASIAN FOLDBELT - PALEOZOIC / CHINA - PALEOZOIC / QINGHAI PROVINCE","ZHABA, CENTRAL QILIAN BLOCK","36","102","36","102","","","OUTCROP","SUBAERIAL","VOLCANIC ROCK","SANUKITE","","","PALEOZOIC","","MINERAL / COMPONENT (INCL. GROUNDMASS)","ZIRCON","LJ15-15@01","","PRIMARY","","","","","","","","","","","","","","","","","","","","","","","","","","","","","","","","","","","","","","","","","","","","","","","","","","","","39.9239","286.51","467.07","","","","","0.05715","","","","0.0704","0.55487","448","PB207_U235  AGE","439","PB206_U238  AGE","497",
"2019 "," [22773] YANG LIMING(2019)  [GeoReM [11822] ]","samp. 12LJ-15","","CENTRAL ASIAN FOLDBELT - PALEOZOIC / CHINA - PALEOZOIC / QINGHAI PROVINCE","ZHABA, CENTRAL QILIAN BLOCK","36","102","36","102","","","OUTCROP","SUBAERIAL","VOLCANIC ROCK","SANUKITE","","","PALEOZOIC","","MINERAL / COMPONENT (INCL. GROUNDMASS)","ZIRCON","LJ15-15@02","","PRIMARY","","","","","","","","","","","","","","","","","","","","","","","","","","","","","","","","","","","","","","","","","","","","","","","","","","","","36.36945","261.41","425.37","","","","","0.0557","","","","0.07066","0.54281","440","PB207_U235  AGE","440","PB206_U238  AGE","440",
"2019 "," [22773] YANG LIMING(2019)  [GeoReM [11822] ]","samp. 12LJ-15","","CENTRAL ASIAN FOLDBELT - PALEOZOIC / CHINA - PALEOZOIC / QINGHAI PROVINCE","ZHABA, CENTRAL QILIAN BLOCK","36","102","36","102","","","OUTCROP","SUBAERIAL","VOLCANIC ROCK","SANUKITE","","","PALEOZOIC","","MINERAL / COMPONENT (INCL. GROUNDMASS)","ZIRCON","LJ15-15@03","","PRIMARY","","","","","","","","","","","","","","","","","","","","","","","","","","","","","","","","","","","","","","","","","","","","","","","","","","","","32.36098","220.4","380.83","","","","","0.05576","","","","0.07048","0.54201","440","PB207_U235  AGE","439","PB206_U238  AGE","443",
"2019 "," [22773] YANG LIMING(2019)  [GeoReM [11822] ]","samp. 12LJ-15","","CENTRAL ASIAN FOLDBELT - PALEOZOIC / CHINA - PALEOZOIC / QINGHAI PROVINCE","ZHABA, CENTRAL QILIAN BLOCK","36","102","36","102","","","OUTCROP","SUBAERIAL","VOLCANIC ROCK","SANUKITE","","","PALEOZOIC","","MINERAL / COMPONENT (INCL. GROUNDMASS)","ZIRCON","LJ15-15@04","","PRIMARY","","","","","","","","","","","","","","","","","","","","","","","","","","","","","","","","","","","","","","","","","","","","","","","","","","","","33.95981","245.25","393.57","","","","","0.05615","","","","0.07085","0.54863","444","PB207_U235  AGE","441","PB206_U238  AGE","458",
"2019 "," [22773] YANG LIMING(2019)  [GeoReM [11822] ]","samp. 12LJ-15","","CENTRAL ASIAN FOLDBELT - PALEOZOIC / CHINA - PALEOZOIC / QINGHAI PROVINCE","ZHABA, CENTRAL QILIAN BLOCK","36","102","36","102","","","OUTCROP","SUBAERIAL","VOLCANIC ROCK","SANUKITE","","","PALEOZOIC","","MINERAL / COMPONENT (INCL. GROUNDMASS)","ZIRCON","LJ15-15@05","","PRIMARY","","","","","","","","","","","","","","","","","","","","","","","","","","","","","","","","","","","","","","","","","","","","","","","","","","","","24.97806","160.92","295.78","","","","","0.05566","","","","0.07055","0.54152","439","PB207_U235  AGE","439","PB206_U238  AGE","439",
"2019 "," [22773] YANG LIMING(2019)  [GeoReM [11822] ]","samp. 12LJ-15","","CENTRAL ASIAN FOLDBELT - PALEOZOIC / CHINA - PALEOZOIC / QINGHAI PROVINCE","ZHABA, CENTRAL QILIAN BLOCK","36","102","36","102","","","OUTCROP","SUBAERIAL","VOLCANIC ROCK","SANUKITE","","","PALEOZOIC","","MINERAL / COMPONENT (INCL. GROUNDMASS)","ZIRCON","LJ15-15@06","","PRIMARY","","","","","","","","","","","","","","","","","","","","","","","","","","","","","","","","","","","","","","","","","","","","","","","","","","","","32.28795","191.89","387.98","","","","","0.05561","","","","0.0707","0.54217","440","PB207_U235  AGE","440","PB206_U238  AGE","437",
"2019 "," [22773] YANG LIMING(2019)  [GeoReM [11822] ]","samp. 12LJ-15","","CENTRAL ASIAN FOLDBELT - PALEOZOIC / CHINA - PALEOZOIC / QINGHAI PROVINCE","ZHABA, CENTRAL QILIAN BLOCK","36","102","36","102","","","OUTCROP","SUBAERIAL","VOLCANIC ROCK","SANUKITE","","","PALEOZOIC","","MINERAL / COMPONENT (INCL. GROUNDMASS)","ZIRCON","LJ15-15@07","","PRIMARY","","","","","","","","","","","","","","","","","","","","","","","","","","","","","","","","","","","","","","","","","","","","","","","","","","","","29.44395","184.71","352.96","","","","","0.05565","","","","0.07067","0.54228","440","PB207_U235  AGE","440","PB206_U238  AGE","438",
"2019 "," [22773] YANG LIMING(2019)  [GeoReM [11822] ]","samp. 12LJ-15","","CENTRAL ASIAN FOLDBELT - PALEOZOIC / CHINA - PALEOZOIC / QINGHAI PROVINCE","ZHABA, CENTRAL QILIAN BLOCK","36","102","36","102","","","OUTCROP","SUBAERIAL","VOLCANIC ROCK","SANUKITE","","","PALEOZOIC","","MINERAL / COMPONENT (INCL. GROUNDMASS)","ZIRCON","LJ15-15@08","","PRIMARY","","","","","","","","","","","","","","","","","","","","","","","","","","","","","","","","","","","","","","","","","","","","","","","","","","","","31.30873","218.36","364.53","","","","","0.05898","","","","0.07057","0.57398","461","PB207_U235  AGE","440","PB206_U238  AGE","566",
"2019 "," [22773] YANG LIMING(2019)  [GeoReM [11822] ]","samp. 12LJ-15","","CENTRAL ASIAN FOLDBELT - PALEOZOIC / CHINA - PALEOZOIC / QINGHAI PROVINCE","ZHABA, CENTRAL QILIAN BLOCK","36","102","36","102","","","OUTCROP","SUBAERIAL","VOLCANIC ROCK","SANUKITE","","","PALEOZOIC","","MINERAL / COMPONENT (INCL. GROUNDMASS)","ZIRCON","LJ15-15@09","","PRIMARY","","","","","","","","","","","","","","","","","","","","","","","","","","","","","","","","","","","","","","","","","","","","","","","","","","","","40.32943","240.05","480.27","","","","","0.05634","","","","0.07125","0.55361","447","PB207_U235  AGE","444","PB206_U238  AGE","466",
"2019 "," [22773] YANG LIMING(2019)  [GeoReM [11822] ]","samp. 12LJ-15","","CENTRAL ASIAN FOLDBELT - PALEOZOIC / CHINA - PALEOZOIC / QINGHAI PROVINCE","ZHABA, CENTRAL QILIAN BLOCK","36","102","36","102","","","OUTCROP","SUBAERIAL","VOLCANIC ROCK","SANUKITE","","","PALEOZOIC","","MINERAL / COMPONENT (INCL. GROUNDMASS)","ZIRCON","LJ15-15@10","","PRIMARY","","","","","","","","","","","","","","","","","","","","","","","","","","","","","","","","","","","","","","","","","","","","","","","","","","","","39.15261","338.08","454.58","","","","","0.05576","","","","0.06902","0.53075","432","PB207_U235  AGE","430","PB206_U238  AGE","443",
"2019 "," [22773] YANG LIMING(2019)  [GeoReM [11822] ]","samp. 12LJ-15","","CENTRAL ASIAN FOLDBELT - PALEOZOIC / CHINA - PALEOZOIC / QINGHAI PROVINCE","ZHABA, CENTRAL QILIAN BLOCK","36","102","36","102","","","OUTCROP","SUBAERIAL","VOLCANIC ROCK","SANUKITE","","","PALEOZOIC","","MINERAL / COMPONENT (INCL. GROUNDMASS)","ZIRCON","LJ15-15@11","","PRIMARY","","","","","","","","","","","","","","","","","","","","","","","","","","","","","","","","","","","","","","","","","","","","","","","","","","","","47.14509","315.64","567.62","","","","","0.05662","","","","0.06974","0.54454","441","PB207_U235  AGE","435","PB206_U238  AGE","477",
"2019 "," [22773] YANG LIMING(2019)  [GeoReM [11822] ]","samp. 12LJ-15","","CENTRAL ASIAN FOLDBELT - PALEOZOIC / CHINA - PALEOZOIC / QINGHAI PROVINCE","ZHABA, CENTRAL QILIAN BLOCK","36","102","36","102","","","OUTCROP","SUBAERIAL","VOLCANIC ROCK","SANUKITE","","","PALEOZOIC","","MINERAL / COMPONENT (INCL. GROUNDMASS)","ZIRCON","LJ15-15@12","","PRIMARY","","","","","","","","","","","","","","","","","","","","","","","","","","","","","","","","","","","","","","","","","","","","","","","","","","","","46.89335","313.66","546.04","","","","","0.05675","","","","0.07159","0.5602","452","PB207_U235  AGE","446","PB206_U238  AGE","482",
"2019 "," [22773] YANG LIMING(2019)  [GeoReM [11822] ]","samp. 12LJ-15","","CENTRAL ASIAN FOLDBELT - PALEOZOIC / CHINA - PALEOZOIC / QINGHAI PROVINCE","ZHABA, CENTRAL QILIAN BLOCK","36","102","36","102","","","OUTCROP","SUBAERIAL","VOLCANIC ROCK","SANUKITE","","","PALEOZOIC","","MINERAL / COMPONENT (INCL. GROUNDMASS)","ZIRCON","LJ15-15@13","","PRIMARY","","","","","","","","","","","","","","","","","","","","","","","","","","","","","","","","","","","","","","","","","","","","","","","","","","","","40.61506","264.57","483.09","","","","","0.05575","","","","0.0708","0.54434","441","PB207_U235  AGE","441","PB206_U238  AGE","442",
"2019 "," [22773] YANG LIMING(2019)  [GeoReM [11822] ]","samp. 12LJ-15","","CENTRAL ASIAN FOLDBELT - PALEOZOIC / CHINA - PALEOZOIC / QINGHAI PROVINCE","ZHABA, CENTRAL QILIAN BLOCK","36","102","36","102","","","OUTCROP","SUBAERIAL","VOLCANIC ROCK","SANUKITE","","","PALEOZOIC","","MINERAL / COMPONENT (INCL. GROUNDMASS)","ZIRCON","LJ15-15@14","","PRIMARY","","","","","","","","","","","","","","","","","","","","","","","","","","","","","","","","","","","","","","","","","","","","","","","","","","","","42.46765","348.05","489.74","","","","","0.05799","","","","0.06999","0.55968","451","PB207_U235  AGE","436","PB206_U238  AGE","529",
"2019 "," [22773] YANG LIMING(2019)  [GeoReM [11822] ]","samp. 12LJ-15","","CENTRAL ASIAN FOLDBELT - PALEOZOIC / CHINA - PALEOZOIC / QINGHAI PROVINCE","ZHABA, CENTRAL QILIAN BLOCK","36","102","36","102","","","OUTCROP","SUBAERIAL","VOLCANIC ROCK","SANUKITE","","","PALEOZOIC","","MINERAL / COMPONENT (INCL. GROUNDMASS)","ZIRCON","LJ15-15@15","","PRIMARY","","","","","","","","","","","","","","","","","","","","","","","","","","","","","","","","","","","","","","","","","","","","","","","","","","","","38.67748","280.39","455.49","","","","","0.05663","","","","0.06977","0.54488","442","PB207_U235  AGE","435","PB206_U238  AGE","477",
"2019 "," [22773] YANG LIMING(2019)  [GeoReM [11822] ]","samp. 12LJ-15","","CENTRAL ASIAN FOLDBELT - PALEOZOIC / CHINA - PALEOZOIC / QINGHAI PROVINCE","ZHABA, CENTRAL QILIAN BLOCK","36","102","36","102","","","OUTCROP","SUBAERIAL","VOLCANIC ROCK","SANUKITE","","","PALEOZOIC","","MINERAL / COMPONENT (INCL. GROUNDMASS)","ZIRCON","LJ15-15@16","","PRIMARY","","","","","","","","","","","","","","","","","","","","","","","","","","","","","","","","","","","","","","","","","","","","","","","","","","","","31.1838","220.13","366.7","","","","","0.05574","","","","0.07065","0.54312","440","PB207_U235  AGE","440","PB206_U238  AGE","442",
"2019 "," [22773] YANG LIMING(2019)  [GeoReM [11822] ]","samp. 12LJ-15","","CENTRAL ASIAN FOLDBELT - PALEOZOIC / CHINA - PALEOZOIC / QINGHAI PROVINCE","ZHABA, CENTRAL QILIAN BLOCK","36","102","36","102","","","OUTCROP","SUBAERIAL","VOLCANIC ROCK","SANUKITE","","","PALEOZOIC","","MINERAL / COMPONENT (INCL. GROUNDMASS)","ZIRCON","LJ15-15@17","","PRIMARY","","","","","","","","","","","","","","","","","","","","","","","","","","","","","","","","","","","","","","","","","","","","","","","","","","","","30.06696","232.9","345.58","","","","","0.05577","","","","0.07071","0.54382","441","PB207_U235  AGE","440","PB206_U238  AGE","443",
"2019 "," [22773] YANG LIMING(2019)  [GeoReM [11822] ]","samp. 12LJ-15","","CENTRAL ASIAN FOLDBELT - PALEOZOIC / CHINA - PALEOZOIC / QINGHAI PROVINCE","ZHABA, CENTRAL QILIAN BLOCK","36","102","36","102","","","OUTCROP","SUBAERIAL","VOLCANIC ROCK","SANUKITE","","","PALEOZOIC","","MINERAL / COMPONENT (INCL. GROUNDMASS)","ZIRCON","LJ15-15@18","","PRIMARY","","","","","","","","","","","","","","","","","","","","","","","","","","","","","","","","","","","","","","","","","","","","","","","","","","","","46.69858","357.8","543.5","","","","","0.05602","","","","0.07069","0.54611","442","PB207_U235  AGE","440","PB206_U238  AGE","453",
"2019 "," [22773] YANG LIMING(2019)  [GeoReM [11822] ]","samp. 12LJ-15","","CENTRAL ASIAN FOLDBELT - PALEOZOIC / CHINA - PALEOZOIC / QINGHAI PROVINCE","ZHABA, CENTRAL QILIAN BLOCK","36","102","36","102","","","OUTCROP","SUBAERIAL","VOLCANIC ROCK","SANUKITE","","","PALEOZOIC","","MINERAL / COMPONENT (INCL. GROUNDMASS)","ZIRCON","LJ15-15@19","","PRIMARY","","","","","","","","","","","","","","","","","","","","","","","","","","","","","","","","","","","","","","","","","","","","","","","","","","","","36.96196","265.32","430.75","","","","","0.05611","","","","0.07073","0.54732","443","PB207_U235  AGE","441","PB206_U238  AGE","457",
"2019 "," [22773] YANG LIMING(2019)  [GeoReM [11822] ]","samp. 12LJ-15","","CENTRAL ASIAN FOLDBELT - PALEOZOIC / CHINA - PALEOZOIC / QINGHAI PROVINCE","ZHABA, CENTRAL QILIAN BLOCK","36","102","36","102","","","OUTCROP","SUBAERIAL","VOLCANIC ROCK","SANUKITE","","","PALEOZOIC","","MINERAL / COMPONENT (INCL. GROUNDMASS)","ZIRCON","LJ15-15@20","","PRIMARY","","","","","","","","","","","","","","","","","","","","","","","","","","","","","","","","","","","","","","","","","","","","","","","","","","","","49.33721","394.13","569.78","","","","","0.05583","","","","0.07064","0.54384","441","PB207_U235  AGE","440","PB206_U238  AGE","446",
"2019 "," [22773] YANG LIMING(2019)  [GeoReM [11822] ]","samp. 12LJ-15","","CENTRAL ASIAN FOLDBELT - PALEOZOIC / CHINA - PALEOZOIC / QINGHAI PROVINCE","ZHABA, CENTRAL QILIAN BLOCK","36","102","36","102","","","OUTCROP","SUBAERIAL","VOLCANIC ROCK","SANUKITE","","","PALEOZOIC","","MINERAL / COMPONENT (INCL. GROUNDMASS)","ZIRCON","LJ15-15@21","","PRIMARY","","","","","","","","","","","","","","","","","","","","","","","","","","","","","","","","","","","","","","","","","","","","","","","","","","","","29.4548","199.61","344.96","","","","","0.05656","","","","0.07104","0.55404","448","PB207_U235  AGE","442","PB206_U238  AGE","474",
"2019 "," [22773] YANG LIMING(2019)  [GeoReM [11822] ]","samp. 12LJ-15","","CENTRAL ASIAN FOLDBELT - PALEOZOIC / CHINA - PALEOZOIC / QINGHAI PROVINCE","ZHABA, CENTRAL QILIAN BLOCK","36","102","36","102","","","OUTCROP","SUBAERIAL","VOLCANIC ROCK","SANUKITE","","","PALEOZOIC","","MINERAL / COMPONENT (INCL. GROUNDMASS)","ZIRCON","LJ15-15@22","","PRIMARY","","","","","","","","","","","","","","","","","","","","","","","","","","","","","","","","","","","","","","","","","","","","","","","","","","","","31.2451","193.53","385.37","","","","","0.05635","","","","0.06879","0.53454","435","PB207_U235  AGE","429","PB206_U238  AGE","466",
"2019 "," [22773] YANG LIMING(2019)  [GeoReM [11822] ]","samp. 12LJ-15","","CENTRAL ASIAN FOLDBELT - PALEOZOIC / CHINA - PALEOZOIC / QINGHAI PROVINCE","ZHABA, CENTRAL QILIAN BLOCK","36","102","36","102","","","OUTCROP","SUBAERIAL","VOLCANIC ROCK","SANUKITE","","","PALEOZOIC","","MINERAL / COMPONENT (INCL. GROUNDMASS)","ZIRCON","LJ15-15@23","","PRIMARY","","","","","","","","","","","","","","","","","","","","","","","","","","","","","","","","","","","","","","","","","","","","","","","","","","","","44.91822","378.34","512.4","","","","","0.05697","","","","0.07025","0.55192","446","PB207_U235  AGE","438","PB206_U238  AGE","490",
"2019 "," [22773] YANG LIMING(2019)  [GeoReM [11822] ]","samp. 12LJ-15","","CENTRAL ASIAN FOLDBELT - PALEOZOIC / CHINA - PALEOZOIC / QINGHAI PROVINCE","ZHABA, CENTRAL QILIAN BLOCK","36","102","36","102","","","OUTCROP","SUBAERIAL","VOLCANIC ROCK","SANUKITE","","","PALEOZOIC","","MINERAL / COMPONENT (INCL. GROUNDMASS)","ZIRCON","LJ15-15@24","","PRIMARY","","","","","","","","","","","","","","","","","","","","","","","","","","","","","","","","","","","","","","","","","","","","","","","","","","","","42.36881","293.1","499.77","","","","","0.05624","","","","0.0707","0.54835","444","PB207_U235  AGE","440","PB206_U238  AGE","462",
"2019 "," [22773] YANG LIMING(2019)  [GeoReM [11822] ]","samp. 12LJ-15","","CENTRAL ASIAN FOLDBELT - PALEOZOIC / CHINA - PALEOZOIC / QINGHAI PROVINCE","ZHABA, CENTRAL QILIAN BLOCK","36","102","36","102","","","OUTCROP","SUBAERIAL","VOLCANIC ROCK","SANUKITE","","","PALEOZOIC","","MINERAL / COMPONENT (INCL. GROUNDMASS)","ZIRCON","LJ15-15@25","","PRIMARY","","","","","","","","","","","","","","","","","","","","","","","","","","","","","","","","","","","","","","","","","","","","","","","","","","","","38.33611","285.71","448.97","","","","","0.05649","","","","0.07031","0.54775","444","PB207_U235  AGE","438","PB206_U238  AGE","472",
"2019 "," [22773] YANG LIMING(2019)  [GeoReM [11822] ]","samp. LJ15-55","","CENTRAL ASIAN FOLDBELT - PALEOZOIC / CHINA - PALEOZOIC / QINGHAI PROVINCE","CENTRAL QILIAN BLOCK","36","102","36","102","","","OUTCROP","SUBAERIAL","VOLCANIC ROCK","SANUKITE","","","PALEOZOIC","","MINERAL / COMPONENT (INCL. GROUNDMASS)","ZIRCON","LJ15-55@01","","PRIMARY","","","","","","","","","","","","","","","","","","","","","","","","","","","","","","","","","","","","","","","","","","","","","","","","","","","","34.90635","294.12","423.57","","","","","0.06139","","","","0.07183","0.60808","482","PB207_U235  AGE","447","PB206_U238  AGE","653",
"2019 "," [22773] YANG LIMING(2019)  [GeoReM [11822] ]","samp. LJ15-55","","CENTRAL ASIAN FOLDBELT - PALEOZOIC / CHINA - PALEOZOIC / QINGHAI PROVINCE","CENTRAL QILIAN BLOCK","36","102","36","102","","","OUTCROP","SUBAERIAL","VOLCANIC ROCK","SANUKITE","","","PALEOZOIC","","MINERAL / COMPONENT (INCL. GROUNDMASS)","ZIRCON","LJ15-55@02","","PRIMARY","","","","","","","","","","","","","","","","","","","","","","","","","","","","","","","","","","","","","","","","","","","","","","","","","","","","48.14348","594.99","532.41","","","","","0.05667","","","","0.07195","0.56227","453","PB207_U235  AGE","448","PB206_U238  AGE","479",
"2019 "," [22773] YANG LIMING(2019)  [GeoReM [11822] ]","samp. LJ15-55","","CENTRAL ASIAN FOLDBELT - PALEOZOIC / CHINA - PALEOZOIC / QINGHAI PROVINCE","CENTRAL QILIAN BLOCK","36","102","36","102","","","OUTCROP","SUBAERIAL","VOLCANIC ROCK","SANUKITE","","","PALEOZOIC","","MINERAL / COMPONENT (INCL. GROUNDMASS)","ZIRCON","LJ15-55@03","","PRIMARY","","","","","","","","","","","","","","","","","","","","","","","","","","","","","","","","","","","","","","","","","","","","","","","","","","","","19.08553","108.29","245.87","","","","","0.05749","","","","0.07179","0.56915","457","PB207_U235  AGE","447","PB206_U238  AGE","510",
"2019 "," [22773] YANG LIMING(2019)  [GeoReM [11822] ]","samp. LJ15-55","","CENTRAL ASIAN FOLDBELT - PALEOZOIC / CHINA - PALEOZOIC / QINGHAI PROVINCE","CENTRAL QILIAN BLOCK","36","102","36","102","","","OUTCROP","SUBAERIAL","VOLCANIC ROCK","SANUKITE","","","PALEOZOIC","","MINERAL / COMPONENT (INCL. GROUNDMASS)","ZIRCON","LJ15-55@04","","PRIMARY","","","","","","","","","","","","","","","","","","","","","","","","","","","","","","","","","","","","","","","","","","","","","","","","","","","","28.06661","183.15","355.62","","","","","0.05585","","","","0.07184","0.55331","447","PB207_U235  AGE","447","PB206_U238  AGE","446",
"2019 "," [22773] YANG LIMING(2019)  [GeoReM [11822] ]","samp. LJ15-55","","CENTRAL ASIAN FOLDBELT - PALEOZOIC / CHINA - PALEOZOIC / QINGHAI PROVINCE","CENTRAL QILIAN BLOCK","36","102","36","102","","","OUTCROP","SUBAERIAL","VOLCANIC ROCK","SANUKITE","","","PALEOZOIC","","MINERAL / COMPONENT (INCL. GROUNDMASS)","ZIRCON","LJ15-55@05","","PRIMARY","","","","","","","","","","","","","","","","","","","","","","","","","","","","","","","","","","","","","","","","","","","","","","","","","","","","31.44479","253.37","386.64","","","","","0.05718","","","","0.0718","0.56615","456","PB207_U235  AGE","447","PB206_U238  AGE","498",
"2019 "," [22773] YANG LIMING(2019)  [GeoReM [11822] ]","samp. LJ15-55","","CENTRAL ASIAN FOLDBELT - PALEOZOIC / CHINA - PALEOZOIC / QINGHAI PROVINCE","CENTRAL QILIAN BLOCK","36","102","36","102","","","OUTCROP","SUBAERIAL","VOLCANIC ROCK","SANUKITE","","","PALEOZOIC","","MINERAL / COMPONENT (INCL. GROUNDMASS)","ZIRCON","LJ15-55@06","","PRIMARY","","","","","","","","","","","","","","","","","","","","","","","","","","","","","","","","","","","","","","","","","","","","","","","","","","","","38.19647","337.22","461.73","","","","","0.05641","","","","0.07197","0.55988","451","PB207_U235  AGE","448","PB206_U238  AGE","469",
"2019 "," [22773] YANG LIMING(2019)  [GeoReM [11822] ]","samp. LJ15-55","","CENTRAL ASIAN FOLDBELT - PALEOZOIC / CHINA - PALEOZOIC / QINGHAI PROVINCE","CENTRAL QILIAN BLOCK","36","102","36","102","","","OUTCROP","SUBAERIAL","VOLCANIC ROCK","SANUKITE","","","PALEOZOIC","","MINERAL / COMPONENT (INCL. GROUNDMASS)","ZIRCON","LJ15-55@07","","PRIMARY","","","","","","","","","","","","","","","","","","","","","","","","","","","","","","","","","","","","","","","","","","","","","","","","","","","","27.14358","160.74","348.36","","","","","0.05557","","","","0.07165","0.54902","444","PB207_U235  AGE","446","PB206_U238  AGE","435",
"2019 "," [22773] YANG LIMING(2019)  [GeoReM [11822] ]","samp. LJ15-55","","CENTRAL ASIAN FOLDBELT - PALEOZOIC / CHINA - PALEOZOIC / QINGHAI PROVINCE","CENTRAL QILIAN BLOCK","36","102","36","102","","","OUTCROP","SUBAERIAL","VOLCANIC ROCK","SANUKITE","","","PALEOZOIC","","MINERAL / COMPONENT (INCL. GROUNDMASS)","ZIRCON","LJ15-55@08","","PRIMARY","","","","","","","","","","","","","","","","","","","","","","","","","","","","","","","","","","","","","","","","","","","","","","","","","","","","29.62977","203.3","372.62","","","","","0.05679","","","","0.07194","0.56336","454","PB207_U235  AGE","448","PB206_U238  AGE","483",
"2019 "," [22773] YANG LIMING(2019)  [GeoReM [11822] ]","samp. LJ15-55","","CENTRAL ASIAN FOLDBELT - PALEOZOIC / CHINA - PALEOZOIC / QINGHAI PROVINCE","CENTRAL QILIAN BLOCK","36","102","36","102","","","OUTCROP","SUBAERIAL","VOLCANIC ROCK","SANUKITE","","","PALEOZOIC","","MINERAL / COMPONENT (INCL. GROUNDMASS)","ZIRCON","LJ15-55@09","","PRIMARY","","","","","","","","","","","","","","","","","","","","","","","","","","","","","","","","","","","","","","","","","","","","","","","","","","","","23.38484","139.55","230.35","","","","","0.06722","","","","0.09141","0.84743","623","PB207_U235  AGE","564","PB206_U238  AGE","845",
"2019 "," [22773] YANG LIMING(2019)  [GeoReM [11822] ]","samp. LJ15-55","","CENTRAL ASIAN FOLDBELT - PALEOZOIC / CHINA - PALEOZOIC / QINGHAI PROVINCE","CENTRAL QILIAN BLOCK","36","102","36","102","","","OUTCROP","SUBAERIAL","VOLCANIC ROCK","SANUKITE","","","PALEOZOIC","","MINERAL / COMPONENT (INCL. GROUNDMASS)","ZIRCON","LJ15-55@10","","PRIMARY","","","","","","","","","","","","","","","","","","","","","","","","","","","","","","","","","","","","","","","","","","","","","","","","","","","","33.05575","227.96","414.26","","","","","0.0558","","","","0.07192","0.55342","447","PB207_U235  AGE","448","PB206_U238  AGE","444",
"2019 "," [22773] YANG LIMING(2019)  [GeoReM [11822] ]","samp. LJ15-55","","CENTRAL ASIAN FOLDBELT - PALEOZOIC / CHINA - PALEOZOIC / QINGHAI PROVINCE","CENTRAL QILIAN BLOCK","36","102","36","102","","","OUTCROP","SUBAERIAL","VOLCANIC ROCK","SANUKITE","","","PALEOZOIC","","MINERAL / COMPONENT (INCL. GROUNDMASS)","ZIRCON","LJ15-55@11","","PRIMARY","","","","","","","","","","","","","","","","","","","","","","","","","","","","","","","","","","","","","","","","","","","","","","","","","","","","36.96128","276.34","457.3","","","","","0.05733","","","","0.072","0.5692","457","PB207_U235  AGE","448","PB206_U238  AGE","504",
"2019 "," [22773] YANG LIMING(2019)  [GeoReM [11822] ]","samp. LJ15-55","","CENTRAL ASIAN FOLDBELT - PALEOZOIC / CHINA - PALEOZOIC / QINGHAI PROVINCE","CENTRAL QILIAN BLOCK","36","102","36","102","","","OUTCROP","SUBAERIAL","VOLCANIC ROCK","SANUKITE","","","PALEOZOIC","","MINERAL / COMPONENT (INCL. GROUNDMASS)","ZIRCON","LJ15-55@12","","PRIMARY","","","","","","","","","","","","","","","","","","","","","","","","","","","","","","","","","","","","","","","","","","","","","","","","","","","","29.38003","199.48","370.8","","","","","0.05591","","","","0.07178","0.55344","447","PB207_U235  AGE","447","PB206_U238  AGE","449",
"2019 "," [22773] YANG LIMING(2019)  [GeoReM [11822] ]","samp. LJ15-55","","CENTRAL ASIAN FOLDBELT - PALEOZOIC / CHINA - PALEOZOIC / QINGHAI PROVINCE","CENTRAL QILIAN BLOCK","36","102","36","102","","","OUTCROP","SUBAERIAL","VOLCANIC ROCK","SANUKITE","","","PALEOZOIC","","MINERAL / COMPONENT (INCL. GROUNDMASS)","ZIRCON","LJ15-55@13","","PRIMARY","","","","","","","","","","","","","","","","","","","","","","","","","","","","","","","","","","","","","","","","","","","","","","","","","","","","32.9275","247.84","410.12","","","","","0.05716","","","","0.07177","0.56567","455","PB207_U235  AGE","447","PB206_U238  AGE","498",
"2019 "," [22773] YANG LIMING(2019)  [GeoReM [11822] ]","samp. LJ15-55","","CENTRAL ASIAN FOLDBELT - PALEOZOIC / CHINA - PALEOZOIC / QINGHAI PROVINCE","CENTRAL QILIAN BLOCK","36","102","36","102","","","OUTCROP","SUBAERIAL","VOLCANIC ROCK","SANUKITE","","","PALEOZOIC","","MINERAL / COMPONENT (INCL. GROUNDMASS)","ZIRCON","LJ15-55@15","","PRIMARY","","","","","","","","","","","","","","","","","","","","","","","","","","","","","","","","","","","","","","","","","","","","","","","","","","","","29.58556","202.08","373.66","","","","","0.05797","","","","0.0718","0.574","461","PB207_U235  AGE","447","PB206_U238  AGE","529",
"2019 "," [22773] YANG LIMING(2019)  [GeoReM [11822] ]","samp. LJ15-55","","CENTRAL ASIAN FOLDBELT - PALEOZOIC / CHINA - PALEOZOIC / QINGHAI PROVINCE","CENTRAL QILIAN BLOCK","36","102","36","102","","","OUTCROP","SUBAERIAL","VOLCANIC ROCK","SANUKITE","","","PALEOZOIC","","MINERAL / COMPONENT (INCL. GROUNDMASS)","ZIRCON","LJ15-55@16","","PRIMARY","","","","","","","","","","","","","","","","","","","","","","","","","","","","","","","","","","","","","","","","","","","","","","","","","","","","36.94849","278.96","458.61","","","","","0.05636","","","","0.07212","0.56048","452","PB207_U235  AGE","449","PB206_U238  AGE","467",
"2019 "," [22773] YANG LIMING(2019)  [GeoReM [11822] ]","samp. LJ15-55","","CENTRAL ASIAN FOLDBELT - PALEOZOIC / CHINA - PALEOZOIC / QINGHAI PROVINCE","CENTRAL QILIAN BLOCK","36","102","36","102","","","OUTCROP","SUBAERIAL","VOLCANIC ROCK","SANUKITE","","","PALEOZOIC","","MINERAL / COMPONENT (INCL. GROUNDMASS)","ZIRCON","LJ15-55@17","","PRIMARY","","","","","","","","","","","","","","","","","","","","","","","","","","","","","","","","","","","","","","","","","","","","","","","","","","","","21.34114","165.98","263.15","","","","","0.05643","","","","0.07169","0.55786","450","PB207_U235  AGE","446","PB206_U238  AGE","469",
"2019 "," [22773] YANG LIMING(2019)  [GeoReM [11822] ]","samp. LJ15-55","","CENTRAL ASIAN FOLDBELT - PALEOZOIC / CHINA - PALEOZOIC / QINGHAI PROVINCE","CENTRAL QILIAN BLOCK","36","102","36","102","","","OUTCROP","SUBAERIAL","VOLCANIC ROCK","SANUKITE","","","PALEOZOIC","","MINERAL / COMPONENT (INCL. GROUNDMASS)","ZIRCON","LJ15-55@18","","PRIMARY","","","","","","","","","","","","","","","","","","","","","","","","","","","","","","","","","","","","","","","","","","","","","","","","","","","","27.12217","156.64","348.75","","","","","0.05626","","","","0.07207","0.55909","451","PB207_U235  AGE","449","PB206_U238  AGE","463",
"2019 "," [22773] YANG LIMING(2019)  [GeoReM [11822] ]","samp. LJ15-55","","CENTRAL ASIAN FOLDBELT - PALEOZOIC / CHINA - PALEOZOIC / QINGHAI PROVINCE","CENTRAL QILIAN BLOCK","36","102","36","102","","","OUTCROP","SUBAERIAL","VOLCANIC ROCK","SANUKITE","","","PALEOZOIC","","MINERAL / COMPONENT (INCL. GROUNDMASS)","ZIRCON","LJ15-55@19","","PRIMARY","","","","","","","","","","","","","","","","","","","","","","","","","","","","","","","","","","","","","","","","","","","","","","","","","","","","29.46214","210.73","365.92","","","","","0.05651","","","","0.07207","0.56162","453","PB207_U235  AGE","449","PB206_U238  AGE","472",
"2019 "," [22773] YANG LIMING(2019)  [GeoReM [11822] ]","samp. LJ15-55","","CENTRAL ASIAN FOLDBELT - PALEOZOIC / CHINA - PALEOZOIC / QINGHAI PROVINCE","CENTRAL QILIAN BLOCK","36","102","36","102","","","OUTCROP","SUBAERIAL","VOLCANIC ROCK","SANUKITE","","","PALEOZOIC","","MINERAL / COMPONENT (INCL. GROUNDMASS)","ZIRCON","LJ15-55@20","","PRIMARY","","","","","","","","","","","","","","","","","","","","","","","","","","","","","","","","","","","","","","","","","","","","","","","","","","","","33.22639","252.39","412.99","","","","","0.05606","","","","0.07187","0.55558","449","PB207_U235  AGE","447","PB206_U238  AGE","455",
"2019 "," [22773] YANG LIMING(2019)  [GeoReM [11822] ]","samp. LJ15-55","","CENTRAL ASIAN FOLDBELT - PALEOZOIC / CHINA - PALEOZOIC / QINGHAI PROVINCE","CENTRAL QILIAN BLOCK","36","102","36","102","","","OUTCROP","SUBAERIAL","VOLCANIC ROCK","SANUKITE","","","PALEOZOIC","","MINERAL / COMPONENT (INCL. GROUNDMASS)","ZIRCON","LJ15-55@21","","PRIMARY","","","","","","","","","","","","","","","","","","","","","","","","","","","","","","","","","","","","","","","","","","","","","","","","","","","","15.93707","111.68","200.15","","","","","0.05632","","","","0.07196","0.55885","451","PB207_U235  AGE","448","PB206_U238  AGE","465",
"2019 "," [22773] YANG LIMING(2019)  [GeoReM [11822] ]","samp. LJ15-55","","CENTRAL ASIAN FOLDBELT - PALEOZOIC / CHINA - PALEOZOIC / QINGHAI PROVINCE","CENTRAL QILIAN BLOCK","36","102","36","102","","","OUTCROP","SUBAERIAL","VOLCANIC ROCK","SANUKITE","","","PALEOZOIC","","MINERAL / COMPONENT (INCL. GROUNDMASS)","ZIRCON","LJ15-55@22","","PRIMARY","","","","","","","","","","","","","","","","","","","","","","","","","","","","","","","","","","","","","","","","","","","","","","","","","","","","21.06636","120.54","271.38","","","","","0.05589","","","","0.07193","0.55432","448","PB207_U235  AGE","448","PB206_U238  AGE","448",
"2019 "," [22773] YANG LIMING(2019)  [GeoReM [11822] ]","samp. LJ15-55","","CENTRAL ASIAN FOLDBELT - PALEOZOIC / CHINA - PALEOZOIC / QINGHAI PROVINCE","CENTRAL QILIAN BLOCK","36","102","36","102","","","OUTCROP","SUBAERIAL","VOLCANIC ROCK","SANUKITE","","","PALEOZOIC","","MINERAL / COMPONENT (INCL. GROUNDMASS)","ZIRCON","LJ15-55@23","","PRIMARY","","","","","","","","","","","","","","","","","","","","","","","","","","","","","","","","","","","","","","","","","","","","","","","","","","","","28.03488","162.74","362.02","","","","","0.05585","","","","0.07173","0.55245","447","PB207_U235  AGE","447","PB206_U238  AGE","446",
"2019 "," [22773] YANG LIMING(2019)  [GeoReM [11822] ]","samp. LJ15-55","","CENTRAL ASIAN FOLDBELT - PALEOZOIC / CHINA - PALEOZOIC / QINGHAI PROVINCE","CENTRAL QILIAN BLOCK","36","102","36","102","","","OUTCROP","SUBAERIAL","VOLCANIC ROCK","SANUKITE","","","PALEOZOIC","","MINERAL / COMPONENT (INCL. GROUNDMASS)","ZIRCON","LJ15-55@24","","PRIMARY","","","","","","","","","","","","","","","","","","","","","","","","","","","","","","","","","","","","","","","","","","","","","","","","","","","","23.67059","163.27","297.95","","","","","0.0579","","","","0.07178","0.57309","460","PB207_U235  AGE","447","PB206_U238  AGE","526",
"2019 "," [22773] YANG LIMING(2019)  [GeoReM [11822] ]","samp. LJ15-55","","CENTRAL ASIAN FOLDBELT - PALEOZOIC / CHINA - PALEOZOIC / QINGHAI PROVINCE","CENTRAL QILIAN BLOCK","36","102","36","102","","","OUTCROP","SUBAERIAL","VOLCANIC ROCK","SANUKITE","","","PALEOZOIC","","MINERAL / COMPONENT (INCL. GROUNDMASS)","ZIRCON","LJ15-55@25","","PRIMARY","","","","","","","","","","","","","","","","","","","","","","","","","","","","","","","","","","","","","","","","","","","","","","","","","","","","35.34936","308.5","427.92","","","","","0.05581","","","","0.07172","0.55202","446","PB207_U235  AGE","447","PB206_U238  AGE","445",
"2019 "," [22773] YANG LIMING(2019)  [GeoReM [11822] ]","samp. LJ15-55","","CENTRAL ASIAN FOLDBELT - PALEOZOIC / CHINA - PALEOZOIC / QINGHAI PROVINCE","CENTRAL QILIAN BLOCK","36","102","36","102","","","OUTCROP","SUBAERIAL","VOLCANIC ROCK","SANUKITE","","","PALEOZOIC","","MINERAL / COMPONENT (INCL. GROUNDMASS)","ZIRCON","LJ15-55@26","","PRIMARY","","","","","","","","","","","","","","","","","","","","","","","","","","","","","","","","","","","","","","","","","","","","","","","","","","","","35.36843","413.82","410.69","","","","","0.05858","","","","0.07478","0.60405","480","PB207_U235  AGE","465","PB206_U238  AGE","552",
"2019 "," [22773] YANG LIMING(2019)  [GeoReM [11822] ]","samp. LJ15-55","","CENTRAL ASIAN FOLDBELT - PALEOZOIC / CHINA - PALEOZOIC / QINGHAI PROVINCE","CENTRAL QILIAN BLOCK","36","102","36","102","","","OUTCROP","SUBAERIAL","VOLCANIC ROCK","SANUKITE","","","PALEOZOIC","","MINERAL / COMPONENT (INCL. GROUNDMASS)","ZIRCON","LJ15-55@27","","PRIMARY","","","","","","","","","","","","","","","","","","","","","","","","","","","","","","","","","","","","","","","","","","","","","","","","","","","","32.6231","228.03","409.78","","","","","0.0565","","","","0.07211","0.56187","453","PB207_U235  AGE","449","PB206_U238  AGE","472",
"2019 "," [22773] YANG LIMING(2019)  [GeoReM [11822] ]","samp. LJ15-55","","CENTRAL ASIAN FOLDBELT - PALEOZOIC / CHINA - PALEOZOIC / QINGHAI PROVINCE","CENTRAL QILIAN BLOCK","36","102","36","102","","","OUTCROP","SUBAERIAL","VOLCANIC ROCK","SANUKITE","","","PALEOZOIC","","MINERAL / COMPONENT (INCL. GROUNDMASS)","ZIRCON","LJ15-55@28","","PRIMARY","","","","","","","","","","","","","","","","","","","","","","","","","","","","","","","","","","","","","","","","","","","","","","","","","","","","25.76595","151.85","331.11","","","","","0.05597","","","","0.07192","0.55507","448","PB207_U235  AGE","448","PB206_U238  AGE","451",
"2019 "," [22773] YANG LIMING(2019)  [GeoReM [11822] ]","samp. LJ15-55","","CENTRAL ASIAN FOLDBELT - PALEOZOIC / CHINA - PALEOZOIC / QINGHAI PROVINCE","CENTRAL QILIAN BLOCK","36","102","36","102","","","OUTCROP","SUBAERIAL","VOLCANIC ROCK","SANUKITE","","","PALEOZOIC","","MINERAL / COMPONENT (INCL. GROUNDMASS)","ZIRCON","LJ15-55@29","","PRIMARY","","","","","","","","","","","","","","","","","","","","","","","","","","","","","","","","","","","","","","","","","","","","","","","","","","","","27.5694","182.23","348.95","","","","","0.05678","","","","0.07178","0.56194","453","PB207_U235  AGE","447","PB206_U238  AGE","483",
"2019 "," [22773] YANG LIMING(2019)  [GeoReM [11822] ]","samp. LJ15-55","","CENTRAL ASIAN FOLDBELT - PALEOZOIC / CHINA - PALEOZOIC / QINGHAI PROVINCE","CENTRAL QILIAN BLOCK","36","102","36","102","","","OUTCROP","SUBAERIAL","VOLCANIC ROCK","SANUKITE","","","PALEOZOIC","","MINERAL / COMPONENT (INCL. GROUNDMASS)","ZIRCON","LJ15-55@30","","PRIMARY","","","","","","","","","","","","","","","","","","","","","","","","","","","","","","","","","","","","","","","","","","","","","","","","","","","","35.51753","272.55","443.52","","","","","0.05681","","","","0.07161","0.56102","452","PB207_U235  AGE","446","PB206_U238  AGE","484",
"2019 "," [22773] YANG LIMING(2019)  [GeoReM [11822] ]","samp. LJ15-69","","CENTRAL ASIAN FOLDBELT - PALEOZOIC / CHINA - PALEOZOIC / QINGHAI PROVINCE","CENTRAL QILIAN BLOCK","36","102","36","102","","","OUTCROP","SUBAERIAL","VOLCANIC ROCK","SANUKITE","","","PALEOZOIC","","MINERAL / COMPONENT (INCL. GROUNDMASS)","ZIRCON","LJ15-69@01","","PRIMARY","","","","","","","","","","","","","","","","","","","","","","","","","","","","","","","","","","","","","","","","","","","","","","","","","","","","29.85873","186.4","376.13","","","","","0.05714","","","","0.07304","0.57553","462","PB207_U235  AGE","454","PB206_U238  AGE","497",
"2019 "," [22773] YANG LIMING(2019)  [GeoReM [11822] ]","samp. LJ15-69","","CENTRAL ASIAN FOLDBELT - PALEOZOIC / CHINA - PALEOZOIC / QINGHAI PROVINCE","CENTRAL QILIAN BLOCK","36","102","36","102","","","OUTCROP","SUBAERIAL","VOLCANIC ROCK","SANUKITE","","","PALEOZOIC","","MINERAL / COMPONENT (INCL. GROUNDMASS)","ZIRCON","LJ15-69@02","","PRIMARY","","","","","","","","","","","","","","","","","","","","","","","","","","","","","","","","","","","","","","","","","","","","","","","","","","","","40.58982","108.08","247.12","","","","","0.08574","","","","0.14713","1.73923","1023","PB207_U235  AGE","885","PB206_U238  AGE","1332",
"2019 "," [22773] YANG LIMING(2019)  [GeoReM [11822] ]","samp. LJ15-69","","CENTRAL ASIAN FOLDBELT - PALEOZOIC / CHINA - PALEOZOIC / QINGHAI PROVINCE","CENTRAL QILIAN BLOCK","36","102","36","102","","","OUTCROP","SUBAERIAL","VOLCANIC ROCK","SANUKITE","","","PALEOZOIC","","MINERAL / COMPONENT (INCL. GROUNDMASS)","ZIRCON","LJ15-69@03","","PRIMARY","","","","","","","","","","","","","","","","","","","","","","","","","","","","","","","","","","","","","","","","","","","","","","","","","","","","27.76771","195","345.52","","","","","0.05597","","","","0.07282","0.56202","453","PB207_U235  AGE","453","PB206_U238  AGE","451",
"2019 "," [22773] YANG LIMING(2019)  [GeoReM [11822] ]","samp. LJ15-69","","CENTRAL ASIAN FOLDBELT - PALEOZOIC / CHINA - PALEOZOIC / QINGHAI PROVINCE","CENTRAL QILIAN BLOCK","36","102","36","102","","","OUTCROP","SUBAERIAL","VOLCANIC ROCK","SANUKITE","","","PALEOZOIC","","MINERAL / COMPONENT (INCL. GROUNDMASS)","ZIRCON","LJ15-69@04","","PRIMARY","","","","","","","","","","","","","","","","","","","","","","","","","","","","","","","","","","","","","","","","","","","","","","","","","","","","33.71081","228.39","421.82","","","","","0.05762","","","","0.073","0.57999","464","PB207_U235  AGE","454","PB206_U238  AGE","515",
"2019 "," [22773] YANG LIMING(2019)  [GeoReM [11822] ]","samp. LJ15-69","","CENTRAL ASIAN FOLDBELT - PALEOZOIC / CHINA - PALEOZOIC / QINGHAI PROVINCE","CENTRAL QILIAN BLOCK","36","102","36","102","","","OUTCROP","SUBAERIAL","VOLCANIC ROCK","SANUKITE","","","PALEOZOIC","","MINERAL / COMPONENT (INCL. GROUNDMASS)","ZIRCON","LJ15-69@05","","PRIMARY","","","","","","","","","","","","","","","","","","","","","","","","","","","","","","","","","","","","","","","","","","","","","","","","","","","","28.7922","192","361.53","","","","","0.05589","","","","0.07293","0.56205","453","PB207_U235  AGE","454","PB206_U238  AGE","448",
"2019 "," [22773] YANG LIMING(2019)  [GeoReM [11822] ]","samp. LJ15-69","","CENTRAL ASIAN FOLDBELT - PALEOZOIC / CHINA - PALEOZOIC / QINGHAI PROVINCE","CENTRAL QILIAN BLOCK","36","102","36","102","","","OUTCROP","SUBAERIAL","VOLCANIC ROCK","SANUKITE","","","PALEOZOIC","","MINERAL / COMPONENT (INCL. GROUNDMASS)","ZIRCON","LJ15-69@06","","PRIMARY","","","","","","","","","","","","","","","","","","","","","","","","","","","","","","","","","","","","","","","","","","","","","","","","","","","","31.95269","261.17","388.6","","","","","0.05715","","","","0.07281","0.57386","461","PB207_U235  AGE","453","PB206_U238  AGE","497",
"2019 "," [22773] YANG LIMING(2019)  [GeoReM [11822] ]","samp. LJ15-69","","CENTRAL ASIAN FOLDBELT - PALEOZOIC / CHINA - PALEOZOIC / QINGHAI PROVINCE","CENTRAL QILIAN BLOCK","36","102","36","102","","","OUTCROP","SUBAERIAL","VOLCANIC ROCK","SANUKITE","","","PALEOZOIC","","MINERAL / COMPONENT (INCL. GROUNDMASS)","ZIRCON","LJ15-69@07","","PRIMARY","","","","","","","","","","","","","","","","","","","","","","","","","","","","","","","","","","","","","","","","","","","","","","","","","","","","30.73033","233.84","376.89","","","","","0.05591","","","","0.07293","0.56224","453","PB207_U235  AGE","454","PB206_U238  AGE","449",
"2019 "," [22773] YANG LIMING(2019)  [GeoReM [11822] ]","samp. LJ15-69","","CENTRAL ASIAN FOLDBELT - PALEOZOIC / CHINA - PALEOZOIC / QINGHAI PROVINCE","CENTRAL QILIAN BLOCK","36","102","36","102","","","OUTCROP","SUBAERIAL","VOLCANIC ROCK","SANUKITE","","","PALEOZOIC","","MINERAL / COMPONENT (INCL. GROUNDMASS)","ZIRCON","LJ15-69@08","","PRIMARY","","","","","","","","","","","","","","","","","","","","","","","","","","","","","","","","","","","","","","","","","","","","","","","","","","","","34.60372","262.45","424.11","","","","","0.05666","","","","0.07322","0.57207","459","PB207_U235  AGE","456","PB206_U238  AGE","478",
"2019 "," [22773] YANG LIMING(2019)  [GeoReM [11822] ]","samp. LJ15-69","","CENTRAL ASIAN FOLDBELT - PALEOZOIC / CHINA - PALEOZOIC / QINGHAI PROVINCE","CENTRAL QILIAN BLOCK","36","102","36","102","","","OUTCROP","SUBAERIAL","VOLCANIC ROCK","SANUKITE","","","PALEOZOIC","","MINERAL / COMPONENT (INCL. GROUNDMASS)","ZIRCON","LJ15-69@09","","PRIMARY","","","","","","","","","","","","","","","","","","","","","","","","","","","","","","","","","","","","","","","","","","","","","","","","","","","","30.82375","219.25","381.38","","","","","0.05708","","","","0.07306","0.57507","461","PB207_U235  AGE","455","PB206_U238  AGE","495",
"2019 "," [22773] YANG LIMING(2019)  [GeoReM [11822] ]","samp. LJ15-69","","CENTRAL ASIAN FOLDBELT - PALEOZOIC / CHINA - PALEOZOIC / QINGHAI PROVINCE","CENTRAL QILIAN BLOCK","36","102","36","102","","","OUTCROP","SUBAERIAL","VOLCANIC ROCK","SANUKITE","","","PALEOZOIC","","MINERAL / COMPONENT (INCL. GROUNDMASS)","ZIRCON","LJ15-69@10","","PRIMARY","","","","","","","","","","","","","","","","","","","","","","","","","","","","","","","","","","","","","","","","","","","","","","","","","","","","29.68323","176.09","377.44","","","","","0.05648","","","","0.07292","0.56795","457","PB207_U235  AGE","454","PB206_U238  AGE","471",
"2019 "," [22773] YANG LIMING(2019)  [GeoReM [11822] ]","samp. LJ15-69","","CENTRAL ASIAN FOLDBELT - PALEOZOIC / CHINA - PALEOZOIC / QINGHAI PROVINCE","CENTRAL QILIAN BLOCK","36","102","36","102","","","OUTCROP","SUBAERIAL","VOLCANIC ROCK","SANUKITE","","","PALEOZOIC","","MINERAL / COMPONENT (INCL. GROUNDMASS)","ZIRCON","LJ15-69@12","","PRIMARY","","","","","","","","","","","","","","","","","","","","","","","","","","","","","","","","","","","","","","","","","","","","","","","","","","","","45.36601","376.66","546.85","","","","","0.0562","","","","0.07312","0.56664","456","PB207_U235  AGE","455","PB206_U238  AGE","460",
"2019 "," [22773] YANG LIMING(2019)  [GeoReM [11822] ]","samp. LJ15-69","","CENTRAL ASIAN FOLDBELT - PALEOZOIC / CHINA - PALEOZOIC / QINGHAI PROVINCE","CENTRAL QILIAN BLOCK","36","102","36","102","","","OUTCROP","SUBAERIAL","VOLCANIC ROCK","SANUKITE","","","PALEOZOIC","","MINERAL / COMPONENT (INCL. GROUNDMASS)","ZIRCON","LJ15-69@13","","PRIMARY","","","","","","","","","","","","","","","","","","","","","","","","","","","","","","","","","","","","","","","","","","","","","","","","","","","","25.83081","152.26","327.24","","","","","0.05689","","","","0.07298","0.57261","460","PB207_U235  AGE","454","PB206_U238  AGE","487",
"2019 "," [22773] YANG LIMING(2019)  [GeoReM [11822] ]","samp. LJ15-69","","CENTRAL ASIAN FOLDBELT - PALEOZOIC / CHINA - PALEOZOIC / QINGHAI PROVINCE","CENTRAL QILIAN BLOCK","36","102","36","102","","","OUTCROP","SUBAERIAL","VOLCANIC ROCK","SANUKITE","","","PALEOZOIC","","MINERAL / COMPONENT (INCL. GROUNDMASS)","ZIRCON","LJ15-69@14","","PRIMARY","","","","","","","","","","","","","","","","","","","","","","","","","","","","","","","","","","","","","","","","","","","","","","","","","","","","28.8484","218.92","352.63","","","","","0.05658","","","","0.07314","0.57069","458","PB207_U235  AGE","455","PB206_U238  AGE","475",
"2019 "," [22773] YANG LIMING(2019)  [GeoReM [11822] ]","samp. LJ15-69","","CENTRAL ASIAN FOLDBELT - PALEOZOIC / CHINA - PALEOZOIC / QINGHAI PROVINCE","CENTRAL QILIAN BLOCK","36","102","36","102","","","OUTCROP","SUBAERIAL","VOLCANIC ROCK","SANUKITE","","","PALEOZOIC","","MINERAL / COMPONENT (INCL. GROUNDMASS)","ZIRCON","LJ15-69@15","","PRIMARY","","","","","","","","","","","","","","","","","","","","","","","","","","","","","","","","","","","","","","","","","","","","","","","","","","","","32.2205","260.25","390.89","","","","","0.05745","","","","0.07297","0.5781","463","PB207_U235  AGE","454","PB206_U238  AGE","509",
"2019 "," [22773] YANG LIMING(2019)  [GeoReM [11822] ]","samp. LJ15-69","","CENTRAL ASIAN FOLDBELT - PALEOZOIC / CHINA - PALEOZOIC / QINGHAI PROVINCE","CENTRAL QILIAN BLOCK","36","102","36","102","","","OUTCROP","SUBAERIAL","VOLCANIC ROCK","SANUKITE","","","PALEOZOIC","","MINERAL / COMPONENT (INCL. GROUNDMASS)","ZIRCON","LJ15-69@16","","PRIMARY","","","","","","","","","","","","","","","","","","","","","","","","","","","","","","","","","","","","","","","","","","","","","","","","","","","","38.13708","269.12","472.27","","","","","0.05594","","","","0.07326","0.5652","455","PB207_U235  AGE","456","PB206_U238  AGE","450",
"2019 "," [22773] YANG LIMING(2019)  [GeoReM [11822] ]","samp. LJ15-69","","CENTRAL ASIAN FOLDBELT - PALEOZOIC / CHINA - PALEOZOIC / QINGHAI PROVINCE","CENTRAL QILIAN BLOCK","36","102","36","102","","","OUTCROP","SUBAERIAL","VOLCANIC ROCK","SANUKITE","","","PALEOZOIC","","MINERAL / COMPONENT (INCL. GROUNDMASS)","ZIRCON","LJ15-69@18","","PRIMARY","","","","","","","","","","","","","","","","","","","","","","","","","","","","","","","","","","","","","","","","","","","","","","","","","","","","33.09971","263.22","402.51","","","","","0.0573","","","","0.07313","0.57789","463","PB207_U235  AGE","455","PB206_U238  AGE","503",
"2019 "," [22773] YANG LIMING(2019)  [GeoReM [11822] ]","samp. LJ15-69","","CENTRAL ASIAN FOLDBELT - PALEOZOIC / CHINA - PALEOZOIC / QINGHAI PROVINCE","CENTRAL QILIAN BLOCK","36","102","36","102","","","OUTCROP","SUBAERIAL","VOLCANIC ROCK","SANUKITE","","","PALEOZOIC","","MINERAL / COMPONENT (INCL. GROUNDMASS)","ZIRCON","LJ15-69@20","","PRIMARY","","","","","","","","","","","","","","","","","","","","","","","","","","","","","","","","","","","","","","","","","","","","","","","","","","","","35.90269","241.28","450.68","","","","","0.05717","","","","0.07306","0.57598","462","PB207_U235  AGE","455","PB206_U238  AGE","498",
"2019 "," [22773] YANG LIMING(2019)  [GeoReM [11822] ]","samp. LJ15-69","","CENTRAL ASIAN FOLDBELT - PALEOZOIC / CHINA - PALEOZOIC / QINGHAI PROVINCE","CENTRAL QILIAN BLOCK","36","102","36","102","","","OUTCROP","SUBAERIAL","VOLCANIC ROCK","SANUKITE","","","PALEOZOIC","","MINERAL / COMPONENT (INCL. GROUNDMASS)","ZIRCON","LJ15-69@21","","PRIMARY","","","","","","","","","","","","","","","","","","","","","","","","","","","","","","","","","","","","","","","","","","","","","","","","","","","","31.43142","251.13","383.86","","","","","0.05635","","","","0.07294","0.56683","456","PB207_U235  AGE","454","PB206_U238  AGE","466",
"2019 "," [22773] YANG LIMING(2019)  [GeoReM [11822] ]","samp. LJ15-69","","CENTRAL ASIAN FOLDBELT - PALEOZOIC / CHINA - PALEOZOIC / QINGHAI PROVINCE","CENTRAL QILIAN BLOCK","36","102","36","102","","","OUTCROP","SUBAERIAL","VOLCANIC ROCK","SANUKITE","","","PALEOZOIC","","MINERAL / COMPONENT (INCL. GROUNDMASS)","ZIRCON","LJ15-69@22","","PRIMARY","","","","","","","","","","","","","","","","","","","","","","","","","","","","","","","","","","","","","","","","","","","","","","","","","","","","30.35788","207.43","379.9","","","","","0.05679","","","","0.073","0.57172","459","PB207_U235  AGE","454","PB206_U238  AGE","483",
"2019 "," [22773] YANG LIMING(2019)  [GeoReM [11822] ]","samp. LJ15-69","","CENTRAL ASIAN FOLDBELT - PALEOZOIC / CHINA - PALEOZOIC / QINGHAI PROVINCE","CENTRAL QILIAN BLOCK","36","102","36","102","","","OUTCROP","SUBAERIAL","VOLCANIC ROCK","SANUKITE","","","PALEOZOIC","","MINERAL / COMPONENT (INCL. GROUNDMASS)","ZIRCON","LJ15-69@23","","PRIMARY","","","","","","","","","","","","","","","","","","","","","","","","","","","","","","","","","","","","","","","","","","","","","","","","","","","","34.31558","211.09","431.7","","","","","0.05686","","","","0.07308","0.57305","460","PB207_U235  AGE","455","PB206_U238  AGE","486",
"2019 "," [22773] YANG LIMING(2019)  [GeoReM [11822] ]","samp. LJ15-69","","CENTRAL ASIAN FOLDBELT - PALEOZOIC / CHINA - PALEOZOIC / QINGHAI PROVINCE","CENTRAL QILIAN BLOCK","36","102","36","102","","","OUTCROP","SUBAERIAL","VOLCANIC ROCK","SANUKITE","","","PALEOZOIC","","MINERAL / COMPONENT (INCL. GROUNDMASS)","ZIRCON","LJ15-69@24","","PRIMARY","","","","","","","","","","","","","","","","","","","","","","","","","","","","","","","","","","","","","","","","","","","","","","","","","","","","71.06819","108.2","183.32","","","","","0.11207","","","","0.33935","5.24443","1860","PB207_U235  AGE","1884","PB206_U238  AGE","1833",
"2019 "," [22773] YANG LIMING(2019)  [GeoReM [11822] ]","samp. LJ15-69","","CENTRAL ASIAN FOLDBELT - PALEOZOIC / CHINA - PALEOZOIC / QINGHAI PROVINCE","CENTRAL QILIAN BLOCK","36","102","36","102","","","OUTCROP","SUBAERIAL","VOLCANIC ROCK","SANUKITE","","","PALEOZOIC","","MINERAL / COMPONENT (INCL. GROUNDMASS)","ZIRCON","LJ15-69@25","","PRIMARY","","","","","","","","","","","","","","","","","","","","","","","","","","","","","","","","","","","","","","","","","","","","","","","","","","","","41.09297","321.13","507.72","","","","","0.05796","","","","0.0731","0.58428","467","PB207_U235  AGE","455","PB206_U238  AGE","528",
"2019 "," [22773] YANG LIMING(2019)  [GeoReM [11822] ]","samp. LJ15-69","","CENTRAL ASIAN FOLDBELT - PALEOZOIC / CHINA - PALEOZOIC / QINGHAI PROVINCE","CENTRAL QILIAN BLOCK","36","102","36","102","","","OUTCROP","SUBAERIAL","VOLCANIC ROCK","SANUKITE","","","PALEOZOIC","","MINERAL / COMPONENT (INCL. GROUNDMASS)","ZIRCON","LJ15-69@26","","PRIMARY","","","","","","","","","","","","","","","","","","","","","","","","","","","","","","","","","","","","","","","","","","","","","","","","","","","","34.12287","235.33","425","","","","","0.05543","","","","0.07324","0.55982","451","PB207_U235  AGE","456","PB206_U238  AGE","430",
"2019 "," [22773] YANG LIMING(2019)  [GeoReM [11822] ]","samp. LJ15-69","","CENTRAL ASIAN FOLDBELT - PALEOZOIC / CHINA - PALEOZOIC / QINGHAI PROVINCE","CENTRAL QILIAN BLOCK","36","102","36","102","","","OUTCROP","SUBAERIAL","VOLCANIC ROCK","SANUKITE","","","PALEOZOIC","","MINERAL / COMPONENT (INCL. GROUNDMASS)","ZIRCON","LJ15-69@27","","PRIMARY","","","","","","","","","","","","","","","","","","","","","","","","","","","","","","","","","","","","","","","","","","","","","","","","","","","","59.36007","158.67","297.52","","","","","0.0954","","","","0.18858","2.48092","1266","PB207_U235  AGE","1114","PB206_U238  AGE","1536",
"2019 "," [22773] YANG LIMING(2019)  [GeoReM [11822] ]","samp. LJ15-69","","CENTRAL ASIAN FOLDBELT - PALEOZOIC / CHINA - PALEOZOIC / QINGHAI PROVINCE","CENTRAL QILIAN BLOCK","36","102","36","102","","","OUTCROP","SUBAERIAL","VOLCANIC ROCK","SANUKITE","","","PALEOZOIC","","MINERAL / COMPONENT (INCL. GROUNDMASS)","ZIRCON","LJ15-69@28","","PRIMARY","","","","","","","","","","","","","","","","","","","","","","","","","","","","","","","","","","","","","","","","","","","","","","","","","","","","40.58414","283.81","507.51","","","","","0.05629","","","","0.073","0.56663","456","PB207_U235  AGE","454","PB206_U238  AGE","464",
"2019 "," [22773] YANG LIMING(2019)  [GeoReM [11822] ]","samp. LJ15-55","","CENTRAL ASIAN FOLDBELT - PALEOZOIC / CHINA - PALEOZOIC / QINGHAI PROVINCE","CENTRAL QILIAN BLOCK","36","102","36","102","","","OUTCROP","SUBAERIAL","VOLCANIC ROCK","SANUKITE","","","PALEOZOIC","","MINERAL / COMPONENT (INCL. GROUNDMASS)","ZIRCON","16LJ-55-01","","PRIMARY","","","","","","","","","","","","","","","","","","","","","","","","","","","","","","","","","","","","","","","","","","","","","","","","","","","","","","","","","","","","0.282486614561743","0.000924793947899127","0.0282196109699866","","","","","","","",
"2019 "," [22773] YANG LIMING(2019)  [GeoReM [11822] ]","samp. LJ15-55","","CENTRAL ASIAN FOLDBELT - PALEOZOIC / CHINA - PALEOZOIC / QINGHAI PROVINCE","CENTRAL QILIAN BLOCK","36","102","36","102","","","OUTCROP","SUBAERIAL","VOLCANIC ROCK","SANUKITE","","","PALEOZOIC","","MINERAL / COMPONENT (INCL. GROUNDMASS)","ZIRCON","16LJ-55-03","","PRIMARY","","","","","","","","","","","","","","","","","","","","","","","","","","","","","","","","","","","","","","","","","","","","","","","","","","","","","","","","","","","","0.282484254995034","0.000808489375419202","0.0235852030759691","","","","","","","",
"2019 "," [22773] YANG LIMING(2019)  [GeoReM [11822] ]","samp. LJ15-55","","CENTRAL ASIAN FOLDBELT - PALEOZOIC / CHINA - PALEOZOIC / QINGHAI PROVINCE","CENTRAL QILIAN BLOCK","36","102","36","102","","","OUTCROP","SUBAERIAL","VOLCANIC ROCK","SANUKITE","","","PALEOZOIC","","MINERAL / COMPONENT (INCL. GROUNDMASS)","ZIRCON","16LJ-55-04","","PRIMARY","","","","","","","","","","","","","","","","","","","","","","","","","","","","","","","","","","","","","","","","","","","","","","","","","","","","","","","","","","","","0.282494935074776","0.00102976275693002","0.0292076179536315","","","","","","","",
"2019 "," [22773] YANG LIMING(2019)  [GeoReM [11822] ]","samp. LJ15-55","","CENTRAL ASIAN FOLDBELT - PALEOZOIC / CHINA - PALEOZOIC / QINGHAI PROVINCE","CENTRAL QILIAN BLOCK","36","102","36","102","","","OUTCROP","SUBAERIAL","VOLCANIC ROCK","SANUKITE","","","PALEOZOIC","","MINERAL / COMPONENT (INCL. GROUNDMASS)","ZIRCON","16LJ-55-05","","PRIMARY","","","","","","","","","","","","","","","","","","","","","","","","","","","","","","","","","","","","","","","","","","","","","","","","","","","","","","","","","","","","0.282483138500279","0.0010275572341031","0.0295468491409086","","","","","","","",
"2019 "," [22773] YANG LIMING(2019)  [GeoReM [11822] ]","samp. LJ15-55","","CENTRAL ASIAN FOLDBELT - PALEOZOIC / CHINA - PALEOZOIC / QINGHAI PROVINCE","CENTRAL QILIAN BLOCK","36","102","36","102","","","OUTCROP","SUBAERIAL","VOLCANIC ROCK","SANUKITE","","","PALEOZOIC","","MINERAL / COMPONENT (INCL. GROUNDMASS)","ZIRCON","16LJ-55-07","","PRIMARY","","","","","","","","","","","","","","","","","","","","","","","","","","","","","","","","","","","","","","","","","","","","","","","","","","","","","","","","","","","","0.282471354271792","0.00080385608723141","0.0226840387092898","","","","","","","",
"2019 "," [22773] YANG LIMING(2019)  [GeoReM [11822] ]","samp. LJ15-55","","CENTRAL ASIAN FOLDBELT - PALEOZOIC / CHINA - PALEOZOIC / QINGHAI PROVINCE","CENTRAL QILIAN BLOCK","36","102","36","102","","","OUTCROP","SUBAERIAL","VOLCANIC ROCK","SANUKITE","","","PALEOZOIC","","MINERAL / COMPONENT (INCL. GROUNDMASS)","ZIRCON","16LJ-55-08","","PRIMARY","","","","","","","","","","","","","","","","","","","","","","","","","","","","","","","","","","","","","","","","","","","","","","","","","","","","","","","","","","","","0.282410201582464","0.000840504937090786","0.0248908647006281","","","","","","","",
"2019 "," [22773] YANG LIMING(2019)  [GeoReM [11822] ]","samp. LJ15-55","","CENTRAL ASIAN FOLDBELT - PALEOZOIC / CHINA - PALEOZOIC / QINGHAI PROVINCE","CENTRAL QILIAN BLOCK","36","102","36","102","","","OUTCROP","SUBAERIAL","VOLCANIC ROCK","SANUKITE","","","PALEOZOIC","","MINERAL / COMPONENT (INCL. GROUNDMASS)","ZIRCON","16LJ-55-09","","PRIMARY","","","","","","","","","","","","","","","","","","","","","","","","","","","","","","","","","","","","","","","","","","","","","","","","","","","","","","","","","","","","0.282465083212721","0.00101199026999449","0.0308985847630795","","","","","","","",
"2019 "," [22773] YANG LIMING(2019)  [GeoReM [11822] ]","samp. LJ15-55","","CENTRAL ASIAN FOLDBELT - PALEOZOIC / CHINA - PALEOZOIC / QINGHAI PROVINCE","CENTRAL QILIAN BLOCK","36","102","36","102","","","OUTCROP","SUBAERIAL","VOLCANIC ROCK","SANUKITE","","","PALEOZOIC","","MINERAL / COMPONENT (INCL. GROUNDMASS)","ZIRCON","16LJ-55-12","","PRIMARY","","","","","","","","","","","","","","","","","","","","","","","","","","","","","","","","","","","","","","","","","","","","","","","","","","","","","","","","","","","","0.282492289245533","0.000863683078334872","0.0249564495876525","","","","","","","",
"2019 "," [22773] YANG LIMING(2019)  [GeoReM [11822] ]","samp. LJ15-55","","CENTRAL ASIAN FOLDBELT - PALEOZOIC / CHINA - PALEOZOIC / QINGHAI PROVINCE","CENTRAL QILIAN BLOCK","36","102","36","102","","","OUTCROP","SUBAERIAL","VOLCANIC ROCK","SANUKITE","","","PALEOZOIC","","MINERAL / COMPONENT (INCL. GROUNDMASS)","ZIRCON","16LJ-55-14","","PRIMARY","","","","","","","","","","","","","","","","","","","","","","","","","","","","","","","","","","","","","","","","","","","","","","","","","","","","","","","","","","","","0.282484584693641","0.000704057646271522","0.0214755664488076","","","","","","","",
"2019 "," [22773] YANG LIMING(2019)  [GeoReM [11822] ]","samp. LJ15-55","","CENTRAL ASIAN FOLDBELT - PALEOZOIC / CHINA - PALEOZOIC / QINGHAI PROVINCE","CENTRAL QILIAN BLOCK","36","102","36","102","","","OUTCROP","SUBAERIAL","VOLCANIC ROCK","SANUKITE","","","PALEOZOIC","","MINERAL / COMPONENT (INCL. GROUNDMASS)","ZIRCON","16LJ-55-15","","PRIMARY","","","","","","","","","","","","","","","","","","","","","","","","","","","","","","","","","","","","","","","","","","","","","","","","","","","","","","","","","","","","0.282486336854625","0.00105702231348739","0.0305568515946153","","","","","","","",
"2019 "," [22773] YANG LIMING(2019)  [GeoReM [11822] ]","samp. LJ15-55","","CENTRAL ASIAN FOLDBELT - PALEOZOIC / CHINA - PALEOZOIC / QINGHAI PROVINCE","CENTRAL QILIAN BLOCK","36","102","36","102","","","OUTCROP","SUBAERIAL","VOLCANIC ROCK","SANUKITE","","","PALEOZOIC","","MINERAL / COMPONENT (INCL. GROUNDMASS)","ZIRCON","16LJ-55-18","","PRIMARY","","","","","","","","","","","","","","","","","","","","","","","","","","","","","","","","","","","","","","","","","","","","","","","","","","","","","","","","","","","","0.282529833375178","0.000969046573038003","0.0270084953729693","","","","","","","",
"2019 "," [22773] YANG LIMING(2019)  [GeoReM [11822] ]","samp. LJ15-55","","CENTRAL ASIAN FOLDBELT - PALEOZOIC / CHINA - PALEOZOIC / QINGHAI PROVINCE","CENTRAL QILIAN BLOCK","36","102","36","102","","","OUTCROP","SUBAERIAL","VOLCANIC ROCK","SANUKITE","","","PALEOZOIC","","MINERAL / COMPONENT (INCL. GROUNDMASS)","ZIRCON","16LJ-55-19","","PRIMARY","","","","","","","","","","","","","","","","","","","","","","","","","","","","","","","","","","","","","","","","","","","","","","","","","","","","","","","","","","","","0.28252643818753","0.00100348315737742","0.0299937205817459","","","","","","","",
"2019 "," [22773] YANG LIMING(2019)  [GeoReM [11822] ]","samp. LJ15-55","","CENTRAL ASIAN FOLDBELT - PALEOZOIC / CHINA - PALEOZOIC / QINGHAI PROVINCE","CENTRAL QILIAN BLOCK","36","102","36","102","","","OUTCROP","SUBAERIAL","VOLCANIC ROCK","SANUKITE","","","PALEOZOIC","","MINERAL / COMPONENT (INCL. GROUNDMASS)","ZIRCON","16LJ-55-21","","PRIMARY","","","","","","","","","","","","","","","","","","","","","","","","","","","","","","","","","","","","","","","","","","","","","","","","","","","","","","","","","","","","0.282519969356232","0.0009869980003443","0.0268407471294834","","","","","","","",
"2019 "," [22773] YANG LIMING(2019)  [GeoReM [11822] ]","samp. LJ15-55","","CENTRAL ASIAN FOLDBELT - PALEOZOIC / CHINA - PALEOZOIC / QINGHAI PROVINCE","CENTRAL QILIAN BLOCK","36","102","36","102","","","OUTCROP","SUBAERIAL","VOLCANIC ROCK","SANUKITE","","","PALEOZOIC","","MINERAL / COMPONENT (INCL. GROUNDMASS)","ZIRCON","16LJ-55-22","","PRIMARY","","","","","","","","","","","","","","","","","","","","","","","","","","","","","","","","","","","","","","","","","","","","","","","","","","","","","","","","","","","","0.282469172646018","0.00100225432579951","0.0279976468291409","","","","","","","",
"2019 "," [22773] YANG LIMING(2019)  [GeoReM [11822] ]","samp. LJ15-55","","CENTRAL ASIAN FOLDBELT - PALEOZOIC / CHINA - PALEOZOIC / QINGHAI PROVINCE","CENTRAL QILIAN BLOCK","36","102","36","102","","","OUTCROP","SUBAERIAL","VOLCANIC ROCK","SANUKITE","","","PALEOZOIC","","MINERAL / COMPONENT (INCL. GROUNDMASS)","ZIRCON","16LJ-55-24","","PRIMARY","","","","","","","","","","","","","","","","","","","","","","","","","","","","","","","","","","","","","","","","","","","","","","","","","","","","","","","","","","","","0.28247448547098","0.00113222451986388","0.0317059317406086","","","","","","","",
"2019 "," [22773] YANG LIMING(2019)  [GeoReM [11822] ]","samp. LJ15-55","","CENTRAL ASIAN FOLDBELT - PALEOZOIC / CHINA - PALEOZOIC / QINGHAI PROVINCE","CENTRAL QILIAN BLOCK","36","102","36","102","","","OUTCROP","SUBAERIAL","VOLCANIC ROCK","SANUKITE","","","PALEOZOIC","","MINERAL / COMPONENT (INCL. GROUNDMASS)","ZIRCON","16LJ-55-27","","PRIMARY","","","","","","","","","","","","","","","","","","","","","","","","","","","","","","","","","","","","","","","","","","","","","","","","","","","","","","","","","","","","0.28254184087268","0.00127489101543853","0.0359324294283401","","","","","","","",
"2019 "," [22773] YANG LIMING(2019)  [GeoReM [11822] ]","samp. LJ15-55","","CENTRAL ASIAN FOLDBELT - PALEOZOIC / CHINA - PALEOZOIC / QINGHAI PROVINCE","CENTRAL QILIAN BLOCK","36","102","36","102","","","OUTCROP","SUBAERIAL","VOLCANIC ROCK","SANUKITE","","","PALEOZOIC","","MINERAL / COMPONENT (INCL. GROUNDMASS)","ZIRCON","16LJ-55-29","","PRIMARY","","","","","","","","","","","","","","","","","","","","","","","","","","","","","","","","","","","","","","","","","","","","","","","","","","","","","","","","","","","","0.282502058171358","0.000932968815350353","0.0248986141923927","","","","","","","",
"2019 "," [22773] YANG LIMING(2019)  [GeoReM [11822] ]","samp. LJ15-69","","CENTRAL ASIAN FOLDBELT - PALEOZOIC / CHINA - PALEOZOIC / QINGHAI PROVINCE","CENTRAL QILIAN BLOCK","36","102","36","102","","","OUTCROP","SUBAERIAL","VOLCANIC ROCK","SANUKITE","","","PALEOZOIC","","MINERAL / COMPONENT (INCL. GROUNDMASS)","ZIRCON","16LJ-69-01","","PRIMARY","","","","","","","","","","","","","","","","","","","","","","","","","","","","","","","","","","","","","","","","","","","","","","","","","","","","","","","","","","","","0.282459694654326","0.000675346106900062","0.0176127624791304","","","","","","","",
"2019 "," [22773] YANG LIMING(2019)  [GeoReM [11822] ]","samp. LJ15-69","","CENTRAL ASIAN FOLDBELT - PALEOZOIC / CHINA - PALEOZOIC / QINGHAI PROVINCE","CENTRAL QILIAN BLOCK","36","102","36","102","","","OUTCROP","SUBAERIAL","VOLCANIC ROCK","SANUKITE","","","PALEOZOIC","","MINERAL / COMPONENT (INCL. GROUNDMASS)","ZIRCON","16LJ-69-03","","PRIMARY","","","","","","","","","","","","","","","","","","","","","","","","","","","","","","","","","","","","","","","","","","","","","","","","","","","","","","","","","","","","0.282499569043093","0.00107658581285486","0.0282480919093701","","","","","","","",
"2019 "," [22773] YANG LIMING(2019)  [GeoReM [11822] ]","samp. LJ15-69","","CENTRAL ASIAN FOLDBELT - PALEOZOIC / CHINA - PALEOZOIC / QINGHAI PROVINCE","CENTRAL QILIAN BLOCK","36","102","36","102","","","OUTCROP","SUBAERIAL","VOLCANIC ROCK","SANUKITE","","","PALEOZOIC","","MINERAL / COMPONENT (INCL. GROUNDMASS)","ZIRCON","16LJ-69-05","","PRIMARY","","","","","","","","","","","","","","","","","","","","","","","","","","","","","","","","","","","","","","","","","","","","","","","","","","","","","","","","","","","","0.282490048407541","0.00111136931547822","0.0291993558013712","","","","","","","",
"2019 "," [22773] YANG LIMING(2019)  [GeoReM [11822] ]","samp. LJ15-69","","CENTRAL ASIAN FOLDBELT - PALEOZOIC / CHINA - PALEOZOIC / QINGHAI PROVINCE","CENTRAL QILIAN BLOCK","36","102","36","102","","","OUTCROP","SUBAERIAL","VOLCANIC ROCK","SANUKITE","","","PALEOZOIC","","MINERAL / COMPONENT (INCL. GROUNDMASS)","ZIRCON","16LJ-69-06","","PRIMARY","","","","","","","","","","","","","","","","","","","","","","","","","","","","","","","","","","","","","","","","","","","","","","","","","","","","","","","","","","","","0.282478039501211","0.0010680921493126","0.0287362410905975","","","","","","","",
"2019 "," [22773] YANG LIMING(2019)  [GeoReM [11822] ]","samp. LJ15-69","","CENTRAL ASIAN FOLDBELT - PALEOZOIC / CHINA - PALEOZOIC / QINGHAI PROVINCE","CENTRAL QILIAN BLOCK","36","102","36","102","","","OUTCROP","SUBAERIAL","VOLCANIC ROCK","SANUKITE","","","PALEOZOIC","","MINERAL / COMPONENT (INCL. GROUNDMASS)","ZIRCON","16LJ-69-09","","PRIMARY","","","","","","","","","","","","","","","","","","","","","","","","","","","","","","","","","","","","","","","","","","","","","","","","","","","","","","","","","","","","0.28245488706844","0.00089665631852117","0.0234463735109256","","","","","","","",
"2019 "," [22773] YANG LIMING(2019)  [GeoReM [11822] ]","samp. LJ15-69","","CENTRAL ASIAN FOLDBELT - PALEOZOIC / CHINA - PALEOZOIC / QINGHAI PROVINCE","CENTRAL QILIAN BLOCK","36","102","36","102","","","OUTCROP","SUBAERIAL","VOLCANIC ROCK","SANUKITE","","","PALEOZOIC","","MINERAL / COMPONENT (INCL. GROUNDMASS)","ZIRCON","16LJ-69-10","","PRIMARY","","","","","","","","","","","","","","","","","","","","","","","","","","","","","","","","","","","","","","","","","","","","","","","","","","","","","","","","","","","","0.282469847039962","0.000815089684310777","0.0217696648475282","","","","","","","",
"2019 "," [22773] YANG LIMING(2019)  [GeoReM [11822] ]","samp. LJ15-69","","CENTRAL ASIAN FOLDBELT - PALEOZOIC / CHINA - PALEOZOIC / QINGHAI PROVINCE","CENTRAL QILIAN BLOCK","36","102","36","102","","","OUTCROP","SUBAERIAL","VOLCANIC ROCK","SANUKITE","","","PALEOZOIC","","MINERAL / COMPONENT (INCL. GROUNDMASS)","ZIRCON","16LJ-69-11","","PRIMARY","","","","","","","","","","","","","","","","","","","","","","","","","","","","","","","","","","","","","","","","","","","","","","","","","","","","","","","","","","","","0.282503718275255","0.000930733556229315","0.0247317053566691","","","","","","","",
"2019 "," [22773] YANG LIMING(2019)  [GeoReM [11822] ]","samp. LJ15-69","","CENTRAL ASIAN FOLDBELT - PALEOZOIC / CHINA - PALEOZOIC / QINGHAI PROVINCE","CENTRAL QILIAN BLOCK","36","102","36","102","","","OUTCROP","SUBAERIAL","VOLCANIC ROCK","SANUKITE","","","PALEOZOIC","","MINERAL / COMPONENT (INCL. GROUNDMASS)","ZIRCON","16LJ-69-14","","PRIMARY","","","","","","","","","","","","","","","","","","","","","","","","","","","","","","","","","","","","","","","","","","","","","","","","","","","","","","","","","","","","0.282453061112725","0.000964519921687771","0.0266815765378055","","","","","","","",
"2019 "," [22773] YANG LIMING(2019)  [GeoReM [11822] ]","samp. LJ15-69","","CENTRAL ASIAN FOLDBELT - PALEOZOIC / CHINA - PALEOZOIC / QINGHAI PROVINCE","CENTRAL QILIAN BLOCK","36","102","36","102","","","OUTCROP","SUBAERIAL","VOLCANIC ROCK","SANUKITE","","","PALEOZOIC","","MINERAL / COMPONENT (INCL. GROUNDMASS)","ZIRCON","16LJ-69-15","","PRIMARY","","","","","","","","","","","","","","","","","","","","","","","","","","","","","","","","","","","","","","","","","","","","","","","","","","","","","","","","","","","","0.282451509097028","0.000606505209446434","0.0163983283073105","","","","","","","",
"2019 "," [22773] YANG LIMING(2019)  [GeoReM [11822] ]","samp. LJ15-69","","CENTRAL ASIAN FOLDBELT - PALEOZOIC / CHINA - PALEOZOIC / QINGHAI PROVINCE","CENTRAL QILIAN BLOCK","36","102","36","102","","","OUTCROP","SUBAERIAL","VOLCANIC ROCK","SANUKITE","","","PALEOZOIC","","MINERAL / COMPONENT (INCL. GROUNDMASS)","ZIRCON","16LJ-69-16","","PRIMARY","","","","","","","","","","","","","","","","","","","","","","","","","","","","","","","","","","","","","","","","","","","","","","","","","","","","","","","","","","","","0.282510074959312","0.00129497524462602","0.0354926080114017","","","","","","","",
"2019 "," [22773] YANG LIMING(2019)  [GeoReM [11822] ]","samp. LJ15-69","","CENTRAL ASIAN FOLDBELT - PALEOZOIC / CHINA - PALEOZOIC / QINGHAI PROVINCE","CENTRAL QILIAN BLOCK","36","102","36","102","","","OUTCROP","SUBAERIAL","VOLCANIC ROCK","SANUKITE","","","PALEOZOIC","","MINERAL / COMPONENT (INCL. GROUNDMASS)","ZIRCON","16LJ-69-17","","PRIMARY","","","","","","","","","","","","","","","","","","","","","","","","","","","","","","","","","","","","","","","","","","","","","","","","","","","","","","","","","","","","0.282545431859489","0.00123610943779014","0.0338375677716885","","","","","","","",
"2019 "," [22773] YANG LIMING(2019)  [GeoReM [11822] ]","samp. LJ15-69","","CENTRAL ASIAN FOLDBELT - PALEOZOIC / CHINA - PALEOZOIC / QINGHAI PROVINCE","CENTRAL QILIAN BLOCK","36","102","36","102","","","OUTCROP","SUBAERIAL","VOLCANIC ROCK","SANUKITE","","","PALEOZOIC","","MINERAL / COMPONENT (INCL. GROUNDMASS)","ZIRCON","16LJ-69-18","","PRIMARY","","","","","","","","","","","","","","","","","","","","","","","","","","","","","","","","","","","","","","","","","","","","","","","","","","","","","","","","","","","","0.282491316064854","0.00116461863114108","0.0310700629744588","","","","","","","",
"2019 "," [22773] YANG LIMING(2019)  [GeoReM [11822] ]","samp. LJ15-69","","CENTRAL ASIAN FOLDBELT - PALEOZOIC / CHINA - PALEOZOIC / QINGHAI PROVINCE","CENTRAL QILIAN BLOCK","36","102","36","102","","","OUTCROP","SUBAERIAL","VOLCANIC ROCK","SANUKITE","","","PALEOZOIC","","MINERAL / COMPONENT (INCL. GROUNDMASS)","ZIRCON","16LJ-69-19","","PRIMARY","","","","","","","","","","","","","","","","","","","","","","","","","","","","","","","","","","","","","","","","","","","","","","","","","","","","","","","","","","","","0.282513825940784","0.00107531200186751","0.0292128956579575","","","","","","","",
"2019 "," [22773] YANG LIMING(2019)  [GeoReM [11822] ]","samp. LJ15-69","","CENTRAL ASIAN FOLDBELT - PALEOZOIC / CHINA - PALEOZOIC / QINGHAI PROVINCE","CENTRAL QILIAN BLOCK","36","102","36","102","","","OUTCROP","SUBAERIAL","VOLCANIC ROCK","SANUKITE","","","PALEOZOIC","","MINERAL / COMPONENT (INCL. GROUNDMASS)","ZIRCON","16LJ-69-21","","PRIMARY","","","","","","","","","","","","","","","","","","","","","","","","","","","","","","","","","","","","","","","","","","","","","","","","","","","","","","","","","","","","0.282482661652935","0.00120122545443052","0.0337350372741372","","","","","","","",
"2019 "," [22773] YANG LIMING(2019)  [GeoReM [11822] ]","samp. LJ15-69","","CENTRAL ASIAN FOLDBELT - PALEOZOIC / CHINA - PALEOZOIC / QINGHAI PROVINCE","CENTRAL QILIAN BLOCK","36","102","36","102","","","OUTCROP","SUBAERIAL","VOLCANIC ROCK","SANUKITE","","","PALEOZOIC","","MINERAL / COMPONENT (INCL. GROUNDMASS)","ZIRCON","16LJ-69-25","","PRIMARY","","","","","","","","","","","","","","","","","","","","","","","","","","","","","","","","","","","","","","","","","","","","","","","","","","","","","","","","","","","","0.282526926668125","0.00100244864436747","0.0267638188020453","","","","","","","",
"2019 "," [22773] YANG LIMING(2019)  [GeoReM [11822] ]","samp. LJ15-69","","CENTRAL ASIAN FOLDBELT - PALEOZOIC / CHINA - PALEOZOIC / QINGHAI PROVINCE","CENTRAL QILIAN BLOCK","36","102","36","102","","","OUTCROP","SUBAERIAL","VOLCANIC ROCK","SANUKITE","","","PALEOZOIC","","MINERAL / COMPONENT (INCL. GROUNDMASS)","ZIRCON","16LJ-69-26","","PRIMARY","","","","","","","","","","","","","","","","","","","","","","","","","","","","","","","","","","","","","","","","","","","","","","","","","","","","","","","","","","","","0.282436664605998","0.000853260696864168","0.023421645792888","","","","","","","",
"2019 "," [22773] YANG LIMING(2019)  [GeoReM [11822] ]","samp. LJ15-69","","CENTRAL ASIAN FOLDBELT - PALEOZOIC / CHINA - PALEOZOIC / QINGHAI PROVINCE","CENTRAL QILIAN BLOCK","36","102","36","102","","","OUTCROP","SUBAERIAL","VOLCANIC ROCK","SANUKITE","","","PALEOZOIC","","MINERAL / COMPONENT (INCL. GROUNDMASS)","ZIRCON","16LJ-69-29","","PRIMARY","","","","","","","","","","","","","","","","","","","","","","","","","","","","","","","","","","","","","","","","","","","","","","","","","","","","","","","","","","","","0.282482769375257","0.000905881964190299","0.0238676731726714","","","","","","","",

Download from GEOROC - Geochemical Database
Date of Query: Friday, April 11, 2025
Please note: There is a List of your Query Criteria at the End of this Sheet.


References:
"[3600] YAMAGUCHI M.:   PETROGRAPHY OF THE OTOZAN FLOW ON SHODO-SHIMA ISLAND, SETO-UCHI INLAND SEA, JAPAN |  MEM. FAC. SCI., KYUSHU UNIV., SER. D GEOLOGY 6    [1958]  217-238  | doi: 10.5109/1524312"
"[3846] PHILPOTTS J. A., MARTIN W., SCHNETZLER C. C.:   GEOCHEMICAL ASPECTS OF SOME JAPANESE LAVAS |  EARTH PLANET. SCI. LETT. 12    [1971]  89-96  | doi: 10.1016/0012-821X(71)90059-8"
"[4734] MORIMOTO R., HUZITA K., KASAMA T.:   CENOZOIC VOLCANISM IN SOUTHWESTERN JAPAN WITH SPECIAL REFERENCE TO THE HISTORY OF THE SETOUCHI (INLAND SEA) GEOLOGIC PROVINCE |  BULL. EARTHQUAKE RES. INST. 35    [1957]  35-45 "
"[4897] KUNO H.:   TWO ORTHOPYROXENES FROM THE SO-CALLED BRONZITE-ANDESITES OF JAPAN |  JAP. ACAD. PROC. 23    [1947]  117-120  | doi: 10.2183/pjab1945.23.117"
"[6343] TATSUMI Y., TORII M., ISHIZAKA K.:   ON THE AGE OF THE VOLCANIC ACTIVITY AND THE DISTRIBUTION OF THE SETOUCHI VOLCANIC ROCKS - AGE DETERMINATION FOR SETOUCHI VOLCANIC ROCKS, NO. 5 - |  BULL. VOLCANOL. SOC. JAPAN, SER. 2 25    [1980]  171-179 "
"[6609] SATO H., BANNO S.:   NIO-FO RELATION OF MAGNESIAN OLIVINE PHENOCRYST IN HIGH-MAGNESIAN ANDESITE AND ASSOCIATED BASALT-ANDESITE-SANUKITE FROM NORTHEAST SHIKOKU, JAPAN |  BULL. VOLCANOL. SOC. JAPAN, SER. 2 28    [1983]  141-156 "
"[6830] SATO H.:   BULK ROCK CHEMISTRY OF THE VOLCANIC ROCKS OF GOSHIKIDAI AND ADJACENT AREAS, NORTHEAST SHIKOKU, JAPAN |  SCI. REPT. KANAZAWA UNIV. 26    [1981]  51-72 "
"[22773] YANG LIMING, SONG SHUGUANG, SU LI, ALLEN M. B., NIU YAOLING, ZHANG GUIBIN, ZHANG YUQI:   HETEROGENEOUS OCEANIC ARC VOLCANIC ROCKS IN THE SOUTH QILIAN ACCRETIONARY BELT (QILIAN OROGEN, NW CHINA) |  J. PETROL. 60    [2019]  85-116  | GeoReM-id: 11822 | doi: 10.1093/petrology/egy107"

Criteria:
QUERY - BY - PETROGRAPHY: -  - - - VOLCANIC - ROCKS - - - SANUKIT.../ - - - SAMPLE - CRITERIA - (COMBINED - WITH - OR): - - - MINERAL - / - COMPONENT: - BRONZITE - / - OLIVINE - / - ZIRCON - - - SAMPLE - NAME: - 10 - / - 12LJ-05 - / - 12LJ-13 - / - 12LJ-14 - / - 12LJ-15 - / - 158 - / - 5 - / - 68032915 - / - 690729A - / - 80032102 - / - GSFC#215 - / - LJ15-52 - / - LJ15-53 - / - LJ15-54 - / - LJ15-55 - / - LJ15-69 - / - LJ-3 - / - LJ-4 - / - LJ-5 - / - N2 - / - N3 - / - OT-9.3 - / - WK-18 - / - WK-3.1 - - - SAMPLING - TECHNIQUE: - OUTCROP - - - ROCK - TYPE: - VOLCANIC - ROCK - - - ELEVATION - (MIN.): - 303 - - - ELEVATION - (MAX.): - 303 - - - LAND/SEA - (SAMPLING): - SUBAERIAL - - - ROCK - NAME: - SANUKITE - / - SANUKITE, - ANDESINE - / - SANUKITE, - ANDESINE-HYPERSTHENE - - - TYPE - OF - MATERIAL: - VOLCANIC - GLASS - / - MINERAL - / - COMPONENT - (INCL. - GROUNDMASS) - / - WHOLE - ROCK - - - RIM - / - CORE - (MINERAL - GRAINS): - CORE - / - RIM - 