Year,CITATION,SAMPLE NAME,UNIQUE_ID,LOCATION,LOCATION COMMENT,LATITUDE (MIN.),LONGITUDE (MIN.),LATITUDE (MAX.),LONGITUDE (MAX.),SAMPLING TECHNIQUE,LAND/SEA (SAMPLING),ROCK TYPE,ROCK NAME,ROCK TEXTURE,SAMPLE COMMENT,AGE (MIN.),AGE (MAX.),GEOLOGICAL AGE,TYPE OF MATERIAL,MINERAL / COMPONENT,CRYSTAL,RIM / CORE (MINERAL GRAINS),PRIMARY/SECONDARY,SIO2(WT%),TIO2(WT%),AL2O3(WT%),CR2O3(WT%),V2O3(WT%),FE2O3T(WT%),FE2O3(WT%),FEOT(WT%),FEO(WT%),CAO(WT%),MGO(WT%),MNO(WT%),BAO(WT%),SRO(WT%),NIO(WT%),ZNO(WT%),K2O(WT%),NA2O(WT%),P2O5(WT%),H2O(WT%),H2OP(WT%),H2OM(WT%),CO2(WT%),F(WT%),CL(WT%),SO3(WT%),LOI(WT%),K(WT%): altern. values or methods,,,,F(PPM),AR40(CCMSTP/G): altern. values or methods,,,,SC(PPM),V(PPM),CR(PPM),CO(PPM),NI(PPM),CU(PPM),ZN(PPM),GA(PPM),GE(PPM),RB(PPM),SR(PPM),Y(PPM),ZR(PPM),NB(PPM),MO(PPM),SN(PPM),SB(PPM),BA(PPM),LA(PPM),CE(PPM),PR(PPM),ND(PPM),SM(PPM),EU(PPM),GD(PPM),TB(PPM),DY(PPM),HO(PPM),ER(PPM),TM(PPM),YB(PPM),LU(PPM),HF(PPM),TA(PPM),HG(PPB),PB(PPM),TH(PPM),U(PPM),ND143_ND144,SM147_ND144,SR87_SR86: altern. values or methods,,,,PB206_PB204,PB207_PB204,PB208_PB204,HF176_HF177,ALBITE(MOL%),ANORTHITE(MOL%),ENSTATITE(MOL%),FORSTERITE(MOL%),FERROSILITE(MOL%),MAGNETITE(MOL%),ORTHOCLASE(MOL%),ULVOSPINEL(MOL%),WOLLASTONITE(MOL%),AGE(KA): altern. values or methods,,,
1972, [635] SCHMINCKE H.-U. (1972),samp. ASM23,,AZORES / SAO MIGUEL / POVOACAO,500 M TO THE NORTH OF LOCATION 2360,37.72,-25.25,37.72,-25.25,OUTCROP,SUBAERIAL,VOLCANIC ROCK,TRISTANITE,,,,,,WHOLE ROCK,,,,,56.7,2,17.1,,,,2.8,,3.8,5.2,2.2,,,,,,4.5,4.6,0.5,0.4,,,,,,,,,,,,,,,,,,,,,,,,,,,,,,,,,,,,,,,,,,,,,,,,,,,,,,,,,,,,,,,,,,,,,,,,,,,,,
1972, [635] SCHMINCKE H.-U. (1972),samp. ASM8,,AZORES / SAO MIGUEL / AGUA DE PAO,SEA CLIFF 3 KM EAST,37.72,-25.52,37.72,-25.52,OUTCROP,SUBAERIAL,VOLCANIC ROCK,TRISTANITE,,OVERLAIN BY BEDDED TUFFS,,,,WHOLE ROCK,,,,,59.2,1.5,16,,,,2.7,,2.8,3.7,2.4,0.14,,,,,5.1,5.3,0.25,0.6,,,,,,,,,,,,,,,,,,,,,,,,,,,,,,,,,,,,,,,,,,,,,,,,,,,,,,,,,,,,,,,,,,,,,,,,,,,,,
1986, [717] CORNEN G. (1986),samp. FN17,,FERNANDO DE NORONHA ARCHIPELAGO / FERNANDO DE NORONHA,,-3.85,-32.42,-3.85,-32.42,OUTCROP,SUBAERIAL,VOLCANIC ROCK,TRISTANITE,,,,,,WHOLE ROCK,,,,,51.16,1.25,19.53,,,5.08,,,,3.83,1.6,0.13,,,,,5.38,6.3,0.26,,,,,,,,5.02,,,,,,,,,,,,,,,,,,,,,,,,,,,,,,,,,,,,,,,,,,,,,,,,,,,,,,,,,,,,,,,,,,,,,,
1990, [1194] HALLIDAY A. N. (1990),samp. P12,10622,CAMEROON LINE / PRINCIPE,"OS DOIS IRMAOS, SOUTHEAST SIDE OF PRINCIPE",1.62,7.45,1.62,7.45,OUTCROP,SUBAERIAL,VOLCANIC ROCK,TRISTANITE,,,,,,WHOLE ROCK,,,,,,,,,,,,,,,,,,,,,,,,,,,,,,,,,,,,,,,,,,,,,,,,,,180,1115,,,,,,,,,,,36,,,,,,,,,,,,,,,,,0.512922,,0.70322,TIMS,,,20.226,15.68,39.86,,,,,,,,,,,,,,
1990, [1194] HALLIDAY A. N. (1990),samp. P13,10623,CAMEROON LINE / PRINCIPE / EVOLVED SERIES,,1.62,7.45,1.62,7.45,OUTCROP,SUBAERIAL,VOLCANIC ROCK,TRISTANITE,,,,,,WHOLE ROCK,,,,,,,,,,,,,,,,,,,,,,,,,,,,,,,,,,,,,,,,,,,,,,,,,,185,1188,,,,,,,,,,,37,,,,,,,,,,,,,,,,,0.512865,,0.70301,TIMS,,,20.237,15.701,39.93,,,,,,,,,,,,,,
1998, [1209] STECHER O. (1998),samp. JAN-70,6976,JAN MAYEN / JAN MAYEN,,71,-8.5,71,-8.5,OUTCROP,SUBAERIAL,VOLCANIC ROCK,TRISTANITE,,,,,,WHOLE ROCK,,,,,51.75,,,,,,,,,,,,,,,,2.88,,1.04,,,,,,,,,,,,,1275,,,,,,,,,,,,,,,,,,,,,,,,,,,,,,,,,,,,,,,,,,,,,,,,,,,,,,,,,,,,,,,,,
1998, [1209] STECHER O. (1998),samp. JAN-71,6973,JAN MAYEN / JAN MAYEN,,71,-8.5,71,-8.5,OUTCROP,SUBAERIAL,VOLCANIC ROCK,TRISTANITE,,,,,,WHOLE ROCK,,,,,52.2,,,,,,,,,,,,,,,,3.15,,1.07,,,,,,,,,,,,,1100,,,,,,,,,,,,,,,,,,,,,,,,,,,,,,,,,,,,,,,,,,,,,,,,,,,,,,,,,,,,,,,,,
1998, [1209] STECHER O. (1998),samp. JAN-89,6978,JAN MAYEN / JAN MAYEN,,71,-8.5,71,-8.5,OUTCROP,SUBAERIAL,VOLCANIC ROCK,TRISTANITE,,,,,,WHOLE ROCK,,,,,52.4,,,,,,,,,,,,,,,,3.88,,0.94,,,,,,,,,,,,,1249,,,,,,,,,,,,,,,,,,,,,,,,,,,,,,,,,,,,,,,,,,,,,,,,,,,,,,,,,,,,,,,,,
1998, [1209] STECHER O. (1998),samp. JAN-82,6979,JAN MAYEN / JAN MAYEN,,71,-8.5,71,-8.5,OUTCROP,SUBAERIAL,VOLCANIC ROCK,TRISTANITE,,,,,,WHOLE ROCK,,,,,56.95,,,,,,,,,,,,,,,,3.95,,0.54,,,,,,,,,,,,,943,,,,,,,,,,,,,,,,,,,,,,,,,,,,,,,,,,,,,,,,,,,,,,,,,,,,,,,,,,,,,,,,,
1998, [1209] STECHER O. (1998),samp. JAN-37,6980,JAN MAYEN / JAN MAYEN,,71,-8.5,71,-8.5,OUTCROP,SUBAERIAL,VOLCANIC ROCK,TRISTANITE,,,,,,WHOLE ROCK,,,,,56.05,,,,,,,,,,,,,,,,6.14,,0.37,,,,,,,,,,,,,1004,,,,,,,,,,,,,,,,,,,,,,,,,,,,,,,,,,,,,,,,,,,,,,,,,,,,,,,,,,,,,,,,,
1987, [1238] FITTON J. G. (1987),samp. P12,10622,CAMEROON LINE / PRINCIPE,"OS DOIS IRMAOS, SOUTHEAST SIDE OF PRINCIPE",1.62,7.45,1.62,7.45,OUTCROP,SUBAERIAL,VOLCANIC ROCK,TRISTANITE,,,,,,WHOLE ROCK,,,,,53.98,1.08,19.54,,,4.8,,,,5.11,1.42,0.13,,,,,4.41,5.39,0.24,,,,,,,,4.08,,,,,,,,,,2,56,14,,11,4,87,,,180,1115,20,719,119,,,,758,68,111,,36,,,,,,,,,,,,,,,26,,,,,,,,,,,,,,,,,,,,,,,,
1994, [1240] LEE DER-CHUEN (1994),samp. P12,10622,CAMEROON LINE / PRINCIPE,"OS DOIS IRMAOS, SOUTHEAST SIDE OF PRINCIPE",1.62,7.45,1.62,7.45,OUTCROP,SUBAERIAL,VOLCANIC ROCK,TRISTANITE,,,6000000,6000000,MIOCENE,WHOLE ROCK,,,,,,,,,,,,,,,,,,,,,,,,,,,,,,,,,,,,,,,,,,,,,,,,,,165,1097,,,,,,,,,,,35.29,5.7,,,,,,,,,,,,,13.1,,4.57,,,,,,,,,,,,,,,,,,,,,,,
1994, [1240] LEE DER-CHUEN (1994),samp. P13,10623,CAMEROON LINE / PRINCIPE / EVOLVED SERIES,,1.62,7.45,1.62,7.45,OUTCROP,SUBAERIAL,VOLCANIC ROCK,TRISTANITE,,,6000000,6000000,MIOCENE,WHOLE ROCK,,,,,,,,,,,,,,,,,,,,,,,,,,,,,,,,,,,,,,,,,,,,,,,,,,174,1183,,,,,,,,,,,39.36,6.227,,,,,,,,,,,,,13.9,,4.94,,,,,,,,,,,,,,,,,,,,,,,
1999, [1270] TROENNES R. G. (1999),samp. 70,,JAN MAYEN / JAN MAYEN,,71,-8.5,71,-8.5,OUTCROP,SUBAERIAL,VOLCANIC ROCK,TRISTANITE,,,,,,WHOLE ROCK,,,,,,,,,,,,,,,,,,,,,,,,,,,,,,,,,,,,,,,,,,140,28,18,,21,102,22,1.7,64,1028,38,357,124,1.4,2,0.3,1139,83,172,18.9,73,14,3.71,9.7,1.5,7.7,1.4,3.8,0.53,3.2,0.44,8.5,8.16,,10,8.5,1.5,0.512872,,0.7035051,TIMS,,,18.689,15.45,38.369,,,,,,,,,,,,,,
1999, [1270] TROENNES R. G. (1999),samp. 82,,JAN MAYEN / JAN MAYEN,,71,-8.5,71,-8.5,OUTCROP,SUBAERIAL,VOLCANIC ROCK,TRISTANITE,,,,,,WHOLE ROCK,,,,,,,,,,,,,,,,,,,,,,,,,,,,,,,,,,,,,,,,,,39,,11,10,21,95,21,1.5,87,893,33,459,147,1.8,30,0.3,1360,94,188,19.7,67,12,3.17,7.5,1.3,6.5,1.2,3.5,0.52,3.3,0.46,11,8.92,,10,13,3,0.512867,,0.7035274,TIMS,,,18.714,15.46,38.391,,,,,,,,,,,,,,
1975, [1288] ABDEL-MONEM A. A. (1975),samp. 57-A,,AZORES / SAO MIGUEL / NORDESTE,,37.8,-25.5,37.8,-25.5,OUTCROP,SUBAERIAL,VOLCANIC ROCK,TRISTANITE,,,,,,WHOLE ROCK,,,,,,,,,,,,,,,,,,,,,,,,,,,,,,,,4.94,XRF,,,,0.000000252,MS_ID,,,,,,,,,,,,,,,,,,,,,,,,,,,,,,,,,,,,,,,,,,,,,,,,,,,,,,,,,,,,1280,K-AR,,
1975, [1288] ABDEL-MONEM A. A. (1975),samp. 920-A,,AZORES / SAO MIGUEL / NORDESTE,,37.8,-25.5,37.8,-25.5,OUTCROP,SUBAERIAL,VOLCANIC ROCK,TRISTANITE,,,,,,WHOLE ROCK,,,,,,,,,,,,,,,,,,,,,,,,,,,,,,,,3.73,XRF,3.74,AAS,,0.00000014,MS_ID,,,,,,,,,,,,,,,,,,,,,,,,,,,,,,,,,,,,,,,,,,,,,,,,,,,,,,,,,,,,950,K-AR,,
1979, [1314] DUNLOP H. M. (1979),samp. P12,10622,CAMEROON LINE / PRINCIPE,"OS DOIS IRMAOS, SOUTHEAST SIDE OF PRINCIPE",1.62,7.45,1.62,7.45,OUTCROP,SUBAERIAL,VOLCANIC ROCK,TRISTANITE,,,,,,WHOLE ROCK,,,,,,,,,,,,,,,,,,,,,,,,,,,,,,,,3.535,AES,,,,0.000000672,MS_ID,0.000000675,MS_ID,,,,,,,,,,181,1117,,,,,,,,,,,,,,,,,,,,,,,,,,,,,,0.70334,XRF,0.70325,XRF,,,,,,,,,,,,,,4880,K-AR,4910,K-AR
1979, [1314] DUNLOP H. M. (1979),samp. P13,10623,CAMEROON LINE / PRINCIPE / EVOLVED SERIES,,1.62,7.45,1.62,7.45,OUTCROP,SUBAERIAL,VOLCANIC ROCK,TRISTANITE,,,,,,WHOLE ROCK,,,,,,,,,,,,,,,,,,,,,,,,,,,,,,,,,,,,,,,,,,,,,,,,,,187,1192,,,,,,,,,,,,,,,,,,,,,,,,,,,,,,0.70302,XRF,0.70297,XRF,,,,,,,,,,,,,,,,,
1977, [1315] FITTON J. G. (1977),samp. P12,10622,CAMEROON LINE / PRINCIPE,"OS DOIS IRMAOS, SOUTHEAST SIDE OF PRINCIPE",1.62,7.45,1.62,7.45,OUTCROP,SUBAERIAL,VOLCANIC ROCK,TRISTANITE,,,,,,WHOLE ROCK,,,,,53.75,1.08,19.46,,,,2.84,,1.79,5.1,1.44,0.11,,,,,4.48,5.4,0.24,,,,,0.06,,0.03,4.08,,,,,,,,,,5,,,,4,,81,,,169,1075,16,712,79,,,,,71,125,,32,,,,,,,,,,,,,,,,,,,,,,,,,,,,,,,,,,,,,,,
1977, [1315] FITTON J. G. (1977),samp. P12,10622,CAMEROON LINE / PRINCIPE,"OS DOIS IRMAOS, SOUTHEAST SIDE OF PRINCIPE",1.62,7.45,1.62,7.45,OUTCROP,SUBAERIAL,VOLCANIC ROCK,TRISTANITE,,,,,,MINERAL / COMPONENT (INCL. GROUNDMASS),CLINOPYROXENE,,CORE,PRIMARY,49.19,1.3,3.98,,,,,9.6,,21.93,11.12,0.32,,,,,,1.47,,,,,,,,,,,,,,,,,,,,,,,,,,,,,,,,,,,,,,,,,,,,,,,,,,,,,,,,,,,,,,,,,,,,,,,,,,,,,,,
1977, [1315] FITTON J. G. (1977),samp. P12,10622,CAMEROON LINE / PRINCIPE,"OS DOIS IRMAOS, SOUTHEAST SIDE OF PRINCIPE",1.62,7.45,1.62,7.45,OUTCROP,SUBAERIAL,VOLCANIC ROCK,TRISTANITE,,,,,,MINERAL / COMPONENT (INCL. GROUNDMASS),CLINOPYROXENE,,RIM,PRIMARY,48.2,0.89,3.66,,,,,14.15,,20.53,8,0.64,,,,,,2.07,,,,,,,,,,,,,,,,,,,,,,,,,,,,,,,,,,,,,,,,,,,,,,,,,,,,,,,,,,,,,,,,,,,,,,,,,,,,,,,
1984, [1321] IMSLAND P. (1984),samp. JAN70,6976,JAN MAYEN / JAN MAYEN,,71,-8.5,71,-8.5,OUTCROP,SUBAERIAL,VOLCANIC ROCK,TRISTANITE,,,,,,WHOLE ROCK,,,,,51.75,2.43,17.27,,,,3.73,,6.04,7.26,3.26,0.22,,,,,2.88,4.24,1.04,,0.23,0.15,,,,,,,,,,,,,,,,185,22,21,10,17,210,,,70,1070,42,402,,,,,,,,,,,,,,,,,,,,,,,,,,,,,,,,,,,,,,,,,,,,,,,,
1984, [1321] IMSLAND P. (1984),samp. JAN71,6973,JAN MAYEN / JAN MAYEN,,71,-8.5,71,-8.5,OUTCROP,SUBAERIAL,VOLCANIC ROCK,TRISTANITE,,,,,,WHOLE ROCK,,,,,52.2,2.13,17.27,,,,2.93,,6.17,7.1,2.75,0.21,,,,,3.15,4.3,1.07,,0.11,0.08,,,,,,,,,,1720,,,,,,156,13,18,1,13,197,,,71,1011,43,396,,,,,,,,,,,,,,,,,,,,,,9,,,,,,,,,,,,,,,,,,,,,,,,,,
1984, [1321] IMSLAND P. (1984),samp. JAN89,6985,JAN MAYEN / JAN MAYEN,,71,-8.5,71,-8.5,OUTCROP,SUBAERIAL,VOLCANIC ROCK,TRISTANITE,,,,,,WHOLE ROCK,,,,,52.4,2.12,17.56,,,,5.06,,3.59,6.22,2.63,0.2,,,,,3.88,4.76,0.94,,0.1,0.1,,,,,,,,,,,,,,,,187,33,17,10,13,178,,,84,941,44,407,,,,,,,,,,,,,,,,,,,,,,,,,,,,,,,,,,,,,,,,,,,,,,,,
1984, [1321] IMSLAND P. (1984),samp. JAN175,,JAN MAYEN / JAN MAYEN,,71,-8.5,71,-8.5,OUTCROP,SUBAERIAL,VOLCANIC ROCK,TRISTANITE,,,,,,WHOLE ROCK,,,,,54.6,1.95,17.61,,,,2.52,,4.81,5.24,2.33,0.21,,,,,4.47,4.98,0.76,,0.13,0.05,,,,,,,,,,,,,,,,150,24,18,15,12,156,,,100,964,47,415,,,,,,,,,,,,,,,,,,,,,,,,,,,,,,,,,,,,,,,,,,,,,,,,
1984, [1321] IMSLAND P. (1984),samp. JAN82,6979,JAN MAYEN / JAN MAYEN,,71,-8.5,71,-8.5,OUTCROP,SUBAERIAL,VOLCANIC ROCK,TRISTANITE,,,,,,WHOLE ROCK,,,,,56.95,1.32,18.31,,,,2.13,,4.2,4.82,1.63,0.23,,,,,3.95,5.1,0.54,,0.09,0.1,,,,,,,,,,1190,,,,,,40,19,10,5,24,134,,,103,966,43,532,,,,,,,,,,,,,,,,,,,,,,17,,,,,,,,,,,,,,,,,,,,,,,,,,
1984, [1321] IMSLAND P. (1984),samp. JAN37,6980,JAN MAYEN / JAN MAYEN,,71,-8.5,71,-8.5,OUTCROP,SUBAERIAL,VOLCANIC ROCK,TRISTANITE,,,,,,WHOLE ROCK,,,,,56.05,1.4,17.9,,,,5.71,,0.93,3.3,1.36,0.2,,,,,6.14,4.66,0.37,,0.92,0.4,,,,,,,,,,,,,,,,188,17,14,24,14,206,,,159,568,51,501,,,,,,,,,,,,,,,,,,,,,,,,,,,,,,,,,,,,,,,,,,,,,,,,
1984, [1321] IMSLAND P. (1984),samp. JAN89,6985,JAN MAYEN / JAN MAYEN,,71,-8.5,71,-8.5,OUTCROP,SUBAERIAL,VOLCANIC ROCK,TRISTANITE,,,,,,MINERAL / COMPONENT (INCL. GROUNDMASS),OLIVINE,,,PRIMARY,37.68,0.05,0.06,0,,,,25.87,,0.19,35.11,0.67,,,0.09,,,,,,,,,,,,,,,,,,,,,,,,,,,,,,,,,,,,,,,,,,,,,,,,,,,,,,,,,,,,,,,,,,,,,,,,,70.8,,,,,,,,,
1984, [1321] IMSLAND P. (1984),samp. JAN175,,JAN MAYEN / JAN MAYEN,,71,-8.5,71,-8.5,OUTCROP,SUBAERIAL,VOLCANIC ROCK,TRISTANITE,,,,,,MINERAL / COMPONENT (INCL. GROUNDMASS),CLINOPYROXENE,,,PRIMARY,51.71,0.45,1.5,0.02,,,,9.53,,21.41,12.86,1.27,,,,,0,0.64,,,,,,,,,,,,,,,,,,,,,,,,,,,,,,,,,,,,,,,,,,,,,,,,,,,,,,,,,,,,,,,,,,,,,,,,,,,,,,,
1984, [1321] IMSLAND P. (1984),samp. JAN37,6980,JAN MAYEN / JAN MAYEN,,71,-8.5,71,-8.5,OUTCROP,SUBAERIAL,VOLCANIC ROCK,TRISTANITE,,,,,,MINERAL / COMPONENT (INCL. GROUNDMASS),CLINOPYROXENE,,,PRIMARY,49.44,0.98,3.92,0.15,,,,7.18,,22.38,14.11,0.42,,,,,0.02,0.69,,,,,,,,,,,,,,,,,,,,,,,,,,,,,,,,,,,,,,,,,,,,,,,,,,,,,,,,,,,,,,,,,,,,,,,,,,,,,,,
1984, [1321] IMSLAND P. (1984),samp. JAN89,6985,JAN MAYEN / JAN MAYEN,,71,-8.5,71,-8.5,OUTCROP,SUBAERIAL,VOLCANIC ROCK,TRISTANITE,,,,,,MINERAL / COMPONENT (INCL. GROUNDMASS),SPINEL,PHENOCRYST,,PRIMARY,0.1,18.21,4.31,0.01,0.32,,31.15,,40.72,0,4.76,0.8,,,0,0.2,,,,,,,,,,,,,,,,,,,,,,,,,,,,,,,,,,,,,,,,,,,,,,,,,,,,,,,,,,,,,,,,,,,,,,,,,,,,48.94,,,,,
1984, [1321] IMSLAND P. (1984),samp. JAN175,,JAN MAYEN / JAN MAYEN,,71,-8.5,71,-8.5,OUTCROP,SUBAERIAL,VOLCANIC ROCK,TRISTANITE,,,,,,MINERAL / COMPONENT (INCL. GROUNDMASS),MAGHEMITE,PHENOCRYST,,SECONDARY,,22.04,1.03,0.01,,,,64,,,0.1,2.68,,,,,,,,,,,,,,,,,,,,,,,,,,,,,,,,,,,,,,,,,,,,,,,,,,,,,,,,,,,,,,,,,,,,,,,,,,,,,,,,67.43,,,,,
1984, [1321] IMSLAND P. (1984),samp. JAN37,6980,JAN MAYEN / JAN MAYEN,,71,-8.5,71,-8.5,OUTCROP,SUBAERIAL,VOLCANIC ROCK,TRISTANITE,,,,,,MINERAL / COMPONENT (INCL. GROUNDMASS),MAGHEMITE,MICROPHENOCRYST,,SECONDARY,0.1,17.56,4.07,0.13,0.47,,,69.18,,0.04,3.87,1.24,,,0,,,,,,,,,,,,,,,,,,,,,,,,,,,,,,,,,,,,,,,,,,,,,,,,,,,,,,,,,,,,,,,,,,,,,,,,,,,,,47.92,,,,,
1984, [1321] IMSLAND P. (1984),samp. JAN70,6976,JAN MAYEN / JAN MAYEN,,71,-8.5,71,-8.5,OUTCROP,SUBAERIAL,VOLCANIC ROCK,TRISTANITE,,,,,,MINERAL / COMPONENT (INCL. GROUNDMASS),PLAGIOCLASE,MICROPHENOCRYST,,PRIMARY,53.81,,28.72,,,,,,0.58,10.88,0.1,,0.22,0.29,,,0.51,4.58,,,,,,,,,,,,,,,,,,,,,,,,,,,,,,,,,,,,,,,,,,,,,,,,,,,,,,,,,,,,,,,,,,,41.9,55,,,,,3.1,,,,,,
1984, [1321] IMSLAND P. (1984),samp. JAN37,6980,JAN MAYEN / JAN MAYEN,,71,-8.5,71,-8.5,OUTCROP,SUBAERIAL,VOLCANIC ROCK,TRISTANITE,,,,,,MINERAL / COMPONENT (INCL. GROUNDMASS),PLAGIOCLASE,PHENOCRYST,,PRIMARY,55.29,,28.36,,,,,,0.46,8.76,0.03,,0.22,0.24,,,1.19,5.57,,,,,,,,,,,,,,,,,,,,,,,,,,,,,,,,,,,,,,,,,,,,,,,,,,,,,,,,,,,,,,,,,,,49.7,43.2,,,,,7,,,,,,
1984, [1321] IMSLAND P. (1984),samp. JAN89,6985,JAN MAYEN / JAN MAYEN,,71,-8.5,71,-8.5,OUTCROP,SUBAERIAL,VOLCANIC ROCK,TRISTANITE,,,,,,MINERAL / COMPONENT (INCL. GROUNDMASS),PLAGIOCLASE,PHENOCRYST,,PRIMARY,59.29,,25.33,,,,,,0.32,6.9,0.01,,0.21,0.3,,,1.57,6.69,,,,,,,,,,,,,,,,,,,,,,,,,,,,,,,,,,,,,,,,,,,,,,,,,,,,,,,,,,,,,,,,,,,58,33,,,,,9,,,,,,
1984, [1321] IMSLAND P. (1984),samp. JAN175,,JAN MAYEN / JAN MAYEN,,71,-8.5,71,-8.5,OUTCROP,SUBAERIAL,VOLCANIC ROCK,TRISTANITE,,,,,,MINERAL / COMPONENT (INCL. GROUNDMASS),PLAGIOCLASE,PHENOCRYST,,PRIMARY,59.62,,25,,,,,,0.29,5.67,0.03,,0.45,0.32,,,2.09,6.62,,,,,,,,,,,,,,,,,,,,,,,,,,,,,,,,,,,,,,,,,,,,,,,,,,,,,,,,,,,,,,,,,,,59.5,28.2,,,,,12.3,,,,,,
1984, [1321] IMSLAND P. (1984),samp. JAN37,6980,JAN MAYEN / JAN MAYEN,,71,-8.5,71,-8.5,OUTCROP,SUBAERIAL,VOLCANIC ROCK,TRISTANITE,,,,,,MINERAL / COMPONENT (INCL. GROUNDMASS),ANORTHOCLASE,GROUNDMASS,,PRIMARY,60.69,,22.22,,,,,,0.51,2.48,0.04,,1.18,0.35,,,6.76,5.38,,,,,,,,,,,,,,,,,,,,,,,,,,,,,,,,,,,,,,,,,,,,,,,,,,,,,,,,,,,,,,,,,,,48,12.2,,,,,39.7,,,,,,
1984, [1321] IMSLAND P. (1984),samp. JAN37,6980,JAN MAYEN / JAN MAYEN,,71,-8.5,71,-8.5,OUTCROP,SUBAERIAL,VOLCANIC ROCK,TRISTANITE,,,,,,MINERAL / COMPONENT (INCL. GROUNDMASS),ANORTHOCLASE,PHENOCRYST,,PRIMARY,62.46,,21.28,,,,,,0.36,2.04,0.01,,0.54,0.06,,,7.8,4.91,,,,,,,,,,,,,,,,,,,,,,,,,,,,,,,,,,,,,,,,,,,,,,,,,,,,,,,,,,,,,,,,,,,44,10,,,,,46,,,,,,
1984, [1321] IMSLAND P. (1984),samp. JAN175,,JAN MAYEN / JAN MAYEN,,71,-8.5,71,-8.5,OUTCROP,SUBAERIAL,VOLCANIC ROCK,TRISTANITE,,,,,,MINERAL / COMPONENT (INCL. GROUNDMASS),ANORTHOCLASE,PHENOCRYST,,PRIMARY,65.45,,20.37,,,,,,0.32,1.02,0,,0.24,0,,,6.07,6.27,,,,,,,,,,,,,,,,,,,,,,,,,,,,,,,,,,,,,,,,,,,,,,,,,,,,,,,,,,,,,,,,,,,57.9,5.2,,,,,36.9,,,,,,
1984, [1321] IMSLAND P. (1984),samp. JAN175,,JAN MAYEN / JAN MAYEN,,71,-8.5,71,-8.5,OUTCROP,SUBAERIAL,VOLCANIC ROCK,TRISTANITE,,,,,,MINERAL / COMPONENT (INCL. GROUNDMASS),APATITE,,,PRIMARY,0.56,,,,,,,0.28,,49.87,0.06,0.26,,0.1,,,,,39.04,,,,,3.39,0.09,,,,,,,,,,,,,,,,,,,,,,,,,,,,,,,,,,,,,,,,,,,,,,,,,,,,,,,,,,,,,,,,,,,,,,,,
1984, [1321] IMSLAND P. (1984),samp. JAN37,6980,JAN MAYEN / JAN MAYEN,,71,-8.5,71,-8.5,OUTCROP,SUBAERIAL,VOLCANIC ROCK,TRISTANITE,,,,,,MINERAL / COMPONENT (INCL. GROUNDMASS),APATITE,,,PRIMARY,0.34,,,,,,,0.52,,51.51,0.29,0.1,,0.14,,,,,39.88,,,,,1.7,0.38,,,,,,,,,,,,,,,,,,,,,,,,,,,,,,,,,,,,,,,,,,,,,,,,,,,,,,,,,,,,,,,,,,,,,,,,
1984, [1321] IMSLAND P. (1984),samp. JAN70,6976,JAN MAYEN / JAN MAYEN,,71,-8.5,71,-8.5,OUTCROP,SUBAERIAL,VOLCANIC ROCK,TRISTANITE,,,,,,MINERAL / COMPONENT (INCL. GROUNDMASS),APATITE,,,PRIMARY,0.24,,,,,,,0.4,,52.14,0.29,0.1,,0.13,,,,,42.54,,,,,0.91,0.33,,,,,,,,,,,,,,,,,,,,,,,,,,,,,,,,,,,,,,,,,,,,,,,,,,,,,,,,,,,,,,,,,,,,,,,,
1984, [1321] IMSLAND P. (1984),samp. JAN89,6985,JAN MAYEN / JAN MAYEN,,71,-8.5,71,-8.5,OUTCROP,SUBAERIAL,VOLCANIC ROCK,TRISTANITE,,,,,,MINERAL / COMPONENT (INCL. GROUNDMASS),APATITE,,,PRIMARY,0.26,,,,,,,0.35,,52.14,0.24,0.11,,0.13,,,,,40.08,,,,,2.53,0.34,,,,,,,,,,,,,,,,,,,,,,,,,,,,,,,,,,,,,,,,,,,,,,,,,,,,,,,,,,,,,,,,,,,,,,,,
1984, [1321] IMSLAND P. (1984),samp. JAN37,6980,JAN MAYEN / JAN MAYEN,,71,-8.5,71,-8.5,OUTCROP,SUBAERIAL,VOLCANIC ROCK,TRISTANITE,,,,,,MINERAL / COMPONENT (INCL. GROUNDMASS),BIOTITE,,,PRIMARY,36.01,9.33,14.7,,,,,12.46,,0.01,14.3,0.16,,,,,9.13,0.82,,3.82,,,,0.54,0.1,,,,,,,,,,,,,,,,,,,,,,,,,,,,,,,,,,,,,,,,,,,,,,,,,,,,,,,,,,,,,,,,,,,,,,,,
1984, [1321] IMSLAND P. (1984),samp. JAN175,,JAN MAYEN / JAN MAYEN,,71,-8.5,71,-8.5,OUTCROP,SUBAERIAL,VOLCANIC ROCK,TRISTANITE,,,,,,MINERAL / COMPONENT (INCL. GROUNDMASS),AMPHIBOLE,,,PRIMARY,45.06,1.54,5.03,,,,,17.49,,10.35,11.57,1.62,,,,,1.46,2.89,,0.99,,,,1.98,0.09,,,,,,,,,,,,,,,,,,,,,,,,,,,,,,,,,,,,,,,,,,,,,,,,,,,,,,,,,,,,,,,,,,,,,,,,
1997, [1474] BALLENTINE C. J. (1997),samp. P13,10623,CAMEROON LINE / PRINCIPE / EVOLVED SERIES,,1.62,7.45,1.62,7.45,OUTCROP,SUBAERIAL,VOLCANIC ROCK,TRISTANITE,,,,,,WHOLE ROCK,,,,,,,,,,,,,,,,,,,,,,,,,,,,,,,,,,,,,,,,,,,,,,,,,,,,,,,,,,,,,,,,,,,,,,,,,,,,,,,,,,,,,,,,0.282918,,,,,,,,,,,,,
1983, [4082] KANEKO N. (1983),samp. 81080325,,HONSHU ARC / SOUTHWESTERN HONSHU ARC / OKI DOZEN ISLANDS/NISHINO-SHIMA,0.4KM NE OF MITABE,36.1,133,36.1,133,OUTCROP,SUBAERIAL,VOLCANIC ROCK,TRISTANITE,,,,,,WHOLE ROCK,,,,,54.98,1.56,18.83,,,,2.89,,2.91,3.94,1.59,0.13,,,,,4.3,4.92,0.48,,1.54,1.29,,,,,,,,,,,,,,,18,,33,6,8,,,,,65,739,33,563,129,,,,1940,,189,,,,,,,,,,,,,,,,,,,,,,,,,,,,,,,,,,,,,,,,,
1983, [4082] KANEKO N. (1983),samp. 81073011,,HONSHU ARC / SOUTHWESTERN HONSHU ARC / OKI DOZEN ISLANDS/NISHINO-SHIMA,1.4KM NE OF BEPPU,36.1,133,36.1,133,OUTCROP,SUBAERIAL,VOLCANIC ROCK,TRISTANITE,,,,,,WHOLE ROCK,,,,,56.37,1.13,17.88,,,,3.76,,2.98,3.3,1.41,0.15,,,,,5.09,4.87,0.5,,1.26,1.29,,,,,,,,,,,,,,,8,,13,4,5,,,,,123,587,31,544,109,,,,1320,,188,,,,,,,,,,,,,,,,,,,,,,,,,,,,,,,,,,,,,,,,,
1972, [4563] TIBA T. (1972),samp. DZ-250,,HONSHU ARC / SOUTHWESTERN HONSHU ARC / OKI DOZEN ISLANDS/NISHINO-SHIMA,"DIKE, 400 M WEST OF KUNIGA TUNNEL",36.1,133,36.1,133,OUTCROP,SUBAERIAL,VOLCANIC ROCK,TRISTANITE,,DIKE,,,,WHOLE ROCK,,,,,55.76,1.4,18.67,,,,4.36,,2.05,3.94,1.7,0.13,,,,,4.89,4.35,0.39,,1.6,1.24,,,,,,,,,,,,,,,,,,,,,,,,,,,,,,,,,,,,,,,,,,,,,,,,,,,,,,,,,,,,,,,,,,,,,,,,,,,
1972, [4563] TIBA T. (1972),samp. DZ-173,,HONSHU ARC / SOUTHWESTERN HONSHU ARC / OKI DOZEN ISLANDS/CHIBURI-SHIMA,"DIKE, KOSEDANA-YATSUBOGATANI",36,133,36,133,OUTCROP,SUBAERIAL,VOLCANIC ROCK,TRISTANITE,,DIKE,,,,WHOLE ROCK,,,,,56.11,1.36,18.25,,,,3.1,,2.89,3.68,0.85,0.16,,,,,5.19,4.78,0.48,,2.27,0.58,,,,,,,,,,,,,,,,,,,,,,,,,,,,,,,,,,,,,,,,,,,,,,,,,,,,,,,,,,,,,,,,,,,,,,,,,,,
1972, [4563] TIBA T. (1972),samp. DZ-200,,HONSHU ARC / SOUTHWESTERN HONSHU ARC / OKI DOZEN ISLANDS/CHIBURI-SHIMA,"DIKE, 300 M SOUTH OF KOSEDANA",36,133,36,133,OUTCROP,SUBAERIAL,VOLCANIC ROCK,TRISTANITE,,DIKE,,,,WHOLE ROCK,,,,,57.49,1.35,19.07,,,,4.32,,1.14,3.32,0.42,0.09,,,,,5.35,4.67,0.45,,1.68,1.15,,,,,,,,,,,,,,,,,,,,,,,,,,,,,,,,,,,,,,,,,,,,,,,,,,,,,,,,,,,,,,,,,,,,,,,,,,,
1972, [4563] TIBA T. (1972),samp. DZ-250,,HONSHU ARC / SOUTHWESTERN HONSHU ARC / OKI DOZEN ISLANDS/NISHINO-SHIMA,"DIKE, 400 M WEST OF KUNIGA TUNNEL",36.1,133,36.1,133,OUTCROP,SUBAERIAL,VOLCANIC ROCK,TRISTANITE,,DIKE,,,,MINERAL / COMPONENT (INCL. GROUNDMASS),BIOTITE,PHENOCRYST,,PRIMARY,36.63,7.62,13.74,,,,7.08,,9.68,1.7,12.34,0.14,,,,,7.68,1.27,,,1.46,0.39,,,,,,,,,,,,,,,,,,,,,,,,,,,,,,,,,,,,,,,,,,,,,,,,,,,,,,,,,,,,,,,,,,,,,,,,,,,
1972, [4563] TIBA T. (1972),samp. DZ-173,,HONSHU ARC / SOUTHWESTERN HONSHU ARC / OKI DOZEN ISLANDS/CHIBURI-SHIMA,"DIKE, KOSEDANA-YATSUBOGATANI",36,133,36,133,OUTCROP,SUBAERIAL,VOLCANIC ROCK,TRISTANITE,,DIKE,,,,MINERAL / COMPONENT (INCL. GROUNDMASS),BIOTITE,PHENOCRYST,,PRIMARY,37.32,8.27,15.28,,,,3.34,,11.98,0.35,12.47,0.13,,,,,8.06,1.1,,,1.63,0.4,,,,,,,,,,,,,,,,,,,,,,,,,,,,,,,,,,,,,,,,,,,,,,,,,,,,,,,,,,,,,,,,,,,,,,,,,,,
1972, [4563] TIBA T. (1972),samp. DZ-200,,HONSHU ARC / SOUTHWESTERN HONSHU ARC / OKI DOZEN ISLANDS/CHIBURI-SHIMA,"DIKE, 300 M SOUTH OF KOSEDANA",36,133,36,133,OUTCROP,SUBAERIAL,VOLCANIC ROCK,TRISTANITE,,DIKE,,,,MINERAL / COMPONENT (INCL. GROUNDMASS),BIOTITE,PHENOCRYST,,PRIMARY,36.36,8.52,15.55,,,,3.59,,11.69,0.59,12.6,0.16,,,,,8.01,1.37,,,1.61,0.3,,,,,,,,,,,,,,,,,,,,,,,,,,,,,,,,,,,,,,,,,,,,,,,,,,,,,,,,,,,,,,,,,,,,,,,,,,,
1972, [4563] TIBA T. (1972),samp. DZ-250,,HONSHU ARC / SOUTHWESTERN HONSHU ARC / OKI DOZEN ISLANDS/NISHINO-SHIMA,"DIKE, 400 M WEST OF KUNIGA TUNNEL",36.1,133,36.1,133,OUTCROP,SUBAERIAL,VOLCANIC ROCK,TRISTANITE,,DIKE,,,,MINERAL / COMPONENT (INCL. GROUNDMASS),CLINOPYROXENE,PHENOCRYST,,PRIMARY,49.25,0.88,3.28,,,,2.6,,8.67,20.92,13.43,0.39,,,,,0.07,0.43,,,0.19,0.12,,,,,,,,,,,,,,,,,,,,,,,,,,,,,,,,,,,,,,,,,,,,,,,,,,,,,,,,,,,,,,,,,,,,,,,,,,,
1972, [4563] TIBA T. (1972),samp. DZ-173,,HONSHU ARC / SOUTHWESTERN HONSHU ARC / OKI DOZEN ISLANDS/CHIBURI-SHIMA,"DIKE, KOSEDANA-YATSUBOGATANI",36,133,36,133,OUTCROP,SUBAERIAL,VOLCANIC ROCK,TRISTANITE,,DIKE,,,,MINERAL / COMPONENT (INCL. GROUNDMASS),CLINOPYROXENE,PHENOCRYST,,PRIMARY,49.82,1.15,2.89,,,,2.78,,7.2,21.81,13.37,0.31,,,,,0.05,0.5,,,0.37,0.14,,,,,,,,,,,,,,,,,,,,,,,,,,,,,,,,,,,,,,,,,,,,,,,,,,,,,,,,,,,,,,,,,,,,,,,,,,,
1972, [4563] TIBA T. (1972),samp. DZ-200,,HONSHU ARC / SOUTHWESTERN HONSHU ARC / OKI DOZEN ISLANDS/CHIBURI-SHIMA,"DIKE, 300 M SOUTH OF KOSEDANA",36,133,36,133,OUTCROP,SUBAERIAL,VOLCANIC ROCK,TRISTANITE,,DIKE,,,,MINERAL / COMPONENT (INCL. GROUNDMASS),CLINOPYROXENE,PHENOCRYST,,PRIMARY,49.44,1.24,2.93,,,,3.06,,6.88,21.88,13.26,0.34,,,,,0.08,0.49,,,0.41,0.08,,,,,,,,,,,,,,,,,,,,,,,,,,,,,,,,,,,,,,,,,,,,,,,,,,,,,,,,,,,,,,,,,,,,,,,,,,,
1972, [4563] TIBA T. (1972),samp. DZ-250,,HONSHU ARC / SOUTHWESTERN HONSHU ARC / OKI DOZEN ISLANDS/NISHINO-SHIMA,"DIKE, 400 M WEST OF KUNIGA TUNNEL",36.1,133,36.1,133,OUTCROP,SUBAERIAL,VOLCANIC ROCK,TRISTANITE,,DIKE,,,,MINERAL / COMPONENT (INCL. GROUNDMASS),OXIDES/OPAQUES,PHENOCRYST,,PRIMARY,,18.24,,,,,37.74,,27.68,,,0.98,,,,,,,,,,,,,,,,,,,,,,,,,,,,,,,,,,,,,,,,,,,,,,,,,,,,,,,,,,,,,,,,,,,,,,,,,,,,,,,,,,,,,
1972, [4563] TIBA T. (1972),samp. DZ-173,,HONSHU ARC / SOUTHWESTERN HONSHU ARC / OKI DOZEN ISLANDS/CHIBURI-SHIMA,"DIKE, KOSEDANA-YATSUBOGATANI",36,133,36,133,OUTCROP,SUBAERIAL,VOLCANIC ROCK,TRISTANITE,,DIKE,,,,MINERAL / COMPONENT (INCL. GROUNDMASS),OXIDES/OPAQUES,PHENOCRYST,,PRIMARY,,32.16,,,,,41.4,,13.75,,,0.96,,,,,,,,,,,,,,,,,,,,,,,,,,,,,,,,,,,,,,,,,,,,,,,,,,,,,,,,,,,,,,,,,,,,,,,,,,,,,,,,,,,,,
1972, [4563] TIBA T. (1972),samp. DZ-200,,HONSHU ARC / SOUTHWESTERN HONSHU ARC / OKI DOZEN ISLANDS/CHIBURI-SHIMA,"DIKE, 300 M SOUTH OF KOSEDANA",36,133,36,133,OUTCROP,SUBAERIAL,VOLCANIC ROCK,TRISTANITE,,DIKE,,,,MINERAL / COMPONENT (INCL. GROUNDMASS),OXIDES/OPAQUES,PHENOCRYST,,PRIMARY,,25.17,,,,,43.49,,20.11,,,1.13,,,,,,,,,,,,,,,,,,,,,,,,,,,,,,,,,,,,,,,,,,,,,,,,,,,,,,,,,,,,,,,,,,,,,,,,,,,,,,,,,,,,,
1972, [4563] TIBA T. (1972),samp. DZ-250,,HONSHU ARC / SOUTHWESTERN HONSHU ARC / OKI DOZEN ISLANDS/NISHINO-SHIMA,"DIKE, 400 M WEST OF KUNIGA TUNNEL",36.1,133,36.1,133,OUTCROP,SUBAERIAL,VOLCANIC ROCK,TRISTANITE,,DIKE,,,,MINERAL / COMPONENT (INCL. GROUNDMASS),PLAGIOCLASE,PHENOCRYST,,PRIMARY,53.56,,28.88,,,,0.79,,,10,,,,,,,0.82,5.1,,,0.37,,,,,,,,,,,,,,,,,,,,,,,,,,,,,,,,,,,,,,,,,,,,,,,,,,,,,,,,,,,,,,,,,,,,,,,,,,,,
1972, [4563] TIBA T. (1972),samp. DZ-173,,HONSHU ARC / SOUTHWESTERN HONSHU ARC / OKI DOZEN ISLANDS/CHIBURI-SHIMA,"DIKE, KOSEDANA-YATSUBOGATANI",36,133,36,133,OUTCROP,SUBAERIAL,VOLCANIC ROCK,TRISTANITE,,DIKE,,,,MINERAL / COMPONENT (INCL. GROUNDMASS),PLAGIOCLASE,PHENOCRYST,,PRIMARY,54.89,,27.88,,,,0.77,,0.24,9.92,,,,,,,0.96,4.91,,,0.66,0.03,,,,,,,,,,,,,,,,,,,,,,,,,,,,,,,,,,,,,,,,,,,,,,,,,,,,,,,,,,,,,,,,,,,,,,,,,,,
1972, [4563] TIBA T. (1972),samp. DZ-200,,HONSHU ARC / SOUTHWESTERN HONSHU ARC / OKI DOZEN ISLANDS/CHIBURI-SHIMA,"DIKE, 300 M SOUTH OF KOSEDANA",36,133,36,133,OUTCROP,SUBAERIAL,VOLCANIC ROCK,TRISTANITE,,DIKE,,,,MINERAL / COMPONENT (INCL. GROUNDMASS),PLAGIOCLASE,PHENOCRYST,,PRIMARY,55.23,,27.32,,,,1.04,,0.33,9.71,,,,,,,0.92,5.24,,,0.43,0.11,,,,,,,,,,,,,,,,,,,,,,,,,,,,,,,,,,,,,,,,,,,,,,,,,,,,,,,,,,,,,,,,,,,,,,,,,,,
1984, [6776] BASU A. R. (1984),samp. A904,,SUPERIOR PROVINCE_ARCHEAN / ABITIBI GREENSTONE BELT / SOUTHERN ABITIBI VOLCANIC ZONE / TIMISKAMING ASSEMBLAGE,KIRKLAND LAKE AREA,48.17,-79.75,48.17,-80.25,OUTCROP,SUBAERIAL,VOLCANIC ROCK,TRISTANITE,,,2720000000,2720000000,ARCHEAN,WHOLE ROCK,,,,,61.51,0.7,17.4,,,,,6.49,,1.84,3.68,0.11,,,,,3.47,4.8,,,,,,,,,,,,,,,,,,,,,,,,,,,,,,,,,,,,,,,,30.136,5.267,,,,,,,,,,,,,,,,0.51111,0.1056,,,,,,,,,,,,,,,,,,,,,
1984, [6776] BASU A. R. (1984),samp. A908,,SUPERIOR PROVINCE_ARCHEAN / ABITIBI GREENSTONE BELT / SOUTHERN ABITIBI VOLCANIC ZONE / TIMISKAMING ASSEMBLAGE,KIRKLAND LAKE AREA,48.17,-79.75,48.17,-80.25,OUTCROP,SUBAERIAL,VOLCANIC ROCK,TRISTANITE,,,2720000000,2720000000,ARCHEAN,WHOLE ROCK,,,,,54.55,0.77,24.06,,,,,4.89,,2.21,1.68,0.17,,,,,5.57,6.1,,,,,,,,,,,,,,,,,,,,,,,,,,,,,,,,,,,,,,,,108.174,24.473,,,,,,,,,,,,,,,,0.51167,0.1367,,,,,,,,,,,,,,,,,,,,,
1984, [6776] BASU A. R. (1984),samp. A909,,SUPERIOR PROVINCE_ARCHEAN / ABITIBI GREENSTONE BELT / SOUTHERN ABITIBI VOLCANIC ZONE / TIMISKAMING ASSEMBLAGE,KIRKLAND LAKE AREA,48.17,-79.75,48.17,-80.25,OUTCROP,SUBAERIAL,VOLCANIC ROCK,TRISTANITE,,,2720000000,2720000000,ARCHEAN,WHOLE ROCK,,,,,56.03,0.74,23.1,,,,,4.77,,1.99,2.22,0.08,,,,,4.54,6.53,,,,,,,,,,,,,,,,,,,,,,,,,,,,,,,,,,,,,,,,74.475,16.454,,,,,,,,,,,,,,,,0.51161,0.1335,,,,,,,,,,,,,,,,,,,,,
1984, [6776] BASU A. R. (1984),samp. A910,,SUPERIOR PROVINCE_ARCHEAN / ABITIBI GREENSTONE BELT / SOUTHERN ABITIBI VOLCANIC ZONE / TIMISKAMING ASSEMBLAGE,KIRKLAND LAKE AREA,48.17,-79.75,48.17,-80.25,OUTCROP,SUBAERIAL,VOLCANIC ROCK,TRISTANITE,,,2720000000,2720000000,ARCHEAN,WHOLE ROCK,,,,,60.9,0.74,16.63,,,,,6.69,,3.4,3.49,0.13,,,,,6.9,1.1,,,,,,,,,,,,,,,,,,,,,,,,,,,,,,,,,,,,,,,,86.501,15.554,,,,,,,,,,,,,,,,0.51118,0.1087,,,,,,,,,,,,,,,,,,,,,
1994, [9907] STOUT M. Z. (1994),samp. HY1,,YELLOWSTONE-SNAKE RIVER PLAIN VOLCANIC PROVINCE / SNAKE RIVER PLAIN / CRATERS OF THE MOON LAVA FIELD - HIGHWAY FLOW,,42.5,-114,44,-115,OUTCROP,SUBAERIAL,VOLCANIC ROCK,TRISTANITE,,,,,PLEISTOCENE,WHOLE ROCK,,,,,54.7,1.7,13.8,,,15.4,,,,5.05,1.67,0.26,,,,,2.97,3.8,1.01,,0,0,0,,,,,,,,,,,,,,,,,,,,,,,,,,,,,,,,,,,,,,,,,,,,,,,,,,,,,,,,,,,,,,,,,,,,,,,,,,
1994, [9907] STOUT M. Z. (1994),samp. SE1,412657,YELLOWSTONE-SNAKE RIVER PLAIN VOLCANIC PROVINCE / SNAKE RIVER PLAIN / CRATERS OF THE MOON LAVA FIELD - SERRATE FLOW,,42.5,-114,44,-115,OUTCROP,SUBAERIAL,VOLCANIC ROCK,TRISTANITE,,,,,PLEISTOCENE,MINERAL / COMPONENT (INCL. GROUNDMASS),OLIVINE,PHENOCRYST,CORE,PRIMARY,33.44,,,,,,,49.83,,0.47,15.79,1.05,,,,,,,,,,,,,,,,,,,,,,,,,,,,,,,,,,,,,,,,,,,,,,,,,,,,,,,,,,,,,,,,,,,,,,,,,,,,,,,,,,,,,
1994, [9907] STOUT M. Z. (1994),samp. SE1,412657,YELLOWSTONE-SNAKE RIVER PLAIN VOLCANIC PROVINCE / SNAKE RIVER PLAIN / CRATERS OF THE MOON LAVA FIELD - SERRATE FLOW,,42.5,-114,44,-115,OUTCROP,SUBAERIAL,VOLCANIC ROCK,TRISTANITE,,,,,PLEISTOCENE,MINERAL / COMPONENT (INCL. GROUNDMASS),OLIVINE,PHENOCRYST,INTERMEDIATE ZONE,PRIMARY,33.44,,,,,,,49.91,,0.44,15.88,1.08,,,,,,,,,,,,,,,,,,,,,,,,,,,,,,,,,,,,,,,,,,,,,,,,,,,,,,,,,,,,,,,,,,,,,,,,,,,,,,,,,,,,,
1994, [9907] STOUT M. Z. (1994),samp. SE1,412657,YELLOWSTONE-SNAKE RIVER PLAIN VOLCANIC PROVINCE / SNAKE RIVER PLAIN / CRATERS OF THE MOON LAVA FIELD - SERRATE FLOW,,42.5,-114,44,-115,OUTCROP,SUBAERIAL,VOLCANIC ROCK,TRISTANITE,,,,,PLEISTOCENE,MINERAL / COMPONENT (INCL. GROUNDMASS),OLIVINE,PHENOCRYST,RIM,PRIMARY,33.31,,,,,,,49.99,,0.47,15.66,1.09,,,,,,,,,,,,,,,,,,,,,,,,,,,,,,,,,,,,,,,,,,,,,,,,,,,,,,,,,,,,,,,,,,,,,,,,,,,,,,,,,,,,,
1994, [9907] STOUT M. Z. (1994),samp. SE1,412657,YELLOWSTONE-SNAKE RIVER PLAIN VOLCANIC PROVINCE / SNAKE RIVER PLAIN / CRATERS OF THE MOON LAVA FIELD - SERRATE FLOW,,42.5,-114,44,-115,OUTCROP,SUBAERIAL,VOLCANIC ROCK,TRISTANITE,,,,,PLEISTOCENE,MINERAL / COMPONENT (INCL. GROUNDMASS),OLIVINE,GROUNDMASS,,PRIMARY,33.34,,,,,,,50.41,,0.47,15.05,1.12,,,,,,,,,,,,,,,,,,,,,,,,,,,,,,,,,,,,,,,,,,,,,,,,,,,,,,,,,,,,,,,,,,,,,,,,,,,,,,,,,,,,,
1994, [9907] STOUT M. Z. (1994),samp. SE1,412657,YELLOWSTONE-SNAKE RIVER PLAIN VOLCANIC PROVINCE / SNAKE RIVER PLAIN / CRATERS OF THE MOON LAVA FIELD - SERRATE FLOW,,42.5,-114,44,-115,OUTCROP,SUBAERIAL,VOLCANIC ROCK,TRISTANITE,,,,,PLEISTOCENE,MINERAL / COMPONENT (INCL. GROUNDMASS),OLIVINE,GROUNDMASS,,PRIMARY,33.31,,,,,,,52.59,,0.53,12.87,1.29,,,,,,,,,,,,,,,,,,,,,,,,,,,,,,,,,,,,,,,,,,,,,,,,,,,,,,,,,,,,,,,,,,,,,,,,,,,,,,,,,,,,,
1994, [9907] STOUT M. Z. (1994),samp. SE2,412658,YELLOWSTONE-SNAKE RIVER PLAIN VOLCANIC PROVINCE / SNAKE RIVER PLAIN / CRATERS OF THE MOON LAVA FIELD - SERRATE FLOW,,42.5,-114,44,-115,OUTCROP,SUBAERIAL,VOLCANIC ROCK,TRISTANITE,,,,,PLEISTOCENE,MINERAL / COMPONENT (INCL. GROUNDMASS),OLIVINE,GROUNDMASS,CORE,PRIMARY,30.68,,,,,,,63.54,,0.66,4.45,1.73,,,,,,,,,,,,,,,,,,,,,,,,,,,,,,,,,,,,,,,,,,,,,,,,,,,,,,,,,,,,,,,,,,,,,,,,,,,,,,,,,,,,,
1994, [9907] STOUT M. Z. (1994),samp. SE2,412658,YELLOWSTONE-SNAKE RIVER PLAIN VOLCANIC PROVINCE / SNAKE RIVER PLAIN / CRATERS OF THE MOON LAVA FIELD - SERRATE FLOW,,42.5,-114,44,-115,OUTCROP,SUBAERIAL,VOLCANIC ROCK,TRISTANITE,,,,,PLEISTOCENE,MINERAL / COMPONENT (INCL. GROUNDMASS),OLIVINE,GROUNDMASS,INTERMEDIATE ZONE,PRIMARY,31.07,,,,,,,63.61,,0.61,4.55,1.68,,,,,,,,,,,,,,,,,,,,,,,,,,,,,,,,,,,,,,,,,,,,,,,,,,,,,,,,,,,,,,,,,,,,,,,,,,,,,,,,,,,,,
1994, [9907] STOUT M. Z. (1994),samp. SE2,412658,YELLOWSTONE-SNAKE RIVER PLAIN VOLCANIC PROVINCE / SNAKE RIVER PLAIN / CRATERS OF THE MOON LAVA FIELD - SERRATE FLOW,,42.5,-114,44,-115,OUTCROP,SUBAERIAL,VOLCANIC ROCK,TRISTANITE,,,,,PLEISTOCENE,MINERAL / COMPONENT (INCL. GROUNDMASS),OLIVINE,GROUNDMASS,RIM,PRIMARY,30.98,,,,,,,62.14,,0.7,5.2,1.68,,,,,,,,,,,,,,,,,,,,,,,,,,,,,,,,,,,,,,,,,,,,,,,,,,,,,,,,,,,,,,,,,,,,,,,,,,,,,,,,,,,,,
1994, [9907] STOUT M. Z. (1994),samp. SE2,412658,YELLOWSTONE-SNAKE RIVER PLAIN VOLCANIC PROVINCE / SNAKE RIVER PLAIN / CRATERS OF THE MOON LAVA FIELD - SERRATE FLOW,,42.5,-114,44,-115,OUTCROP,SUBAERIAL,VOLCANIC ROCK,TRISTANITE,,,,,PLEISTOCENE,MINERAL / COMPONENT (INCL. GROUNDMASS),OLIVINE,MICROPHENOCRYST,CORE,PRIMARY,31.6,,,,,,,60.33,,0.54,7.07,1.6,,,,,,,,,,,,,,,,,,,,,,,,,,,,,,,,,,,,,,,,,,,,,,,,,,,,,,,,,,,,,,,,,,,,,,,,,,,,,,,,,,,,,
1994, [9907] STOUT M. Z. (1994),samp. SE2,412658,YELLOWSTONE-SNAKE RIVER PLAIN VOLCANIC PROVINCE / SNAKE RIVER PLAIN / CRATERS OF THE MOON LAVA FIELD - SERRATE FLOW,,42.5,-114,44,-115,OUTCROP,SUBAERIAL,VOLCANIC ROCK,TRISTANITE,,,,,PLEISTOCENE,MINERAL / COMPONENT (INCL. GROUNDMASS),OLIVINE,MICROPHENOCRYST,INTERMEDIATE ZONE,PRIMARY,31.27,,,,,,,59.98,,0.66,7.04,1.67,,,,,,,,,,,,,,,,,,,,,,,,,,,,,,,,,,,,,,,,,,,,,,,,,,,,,,,,,,,,,,,,,,,,,,,,,,,,,,,,,,,,,
1994, [9907] STOUT M. Z. (1994),samp. SE2,412658,YELLOWSTONE-SNAKE RIVER PLAIN VOLCANIC PROVINCE / SNAKE RIVER PLAIN / CRATERS OF THE MOON LAVA FIELD - SERRATE FLOW,,42.5,-114,44,-115,OUTCROP,SUBAERIAL,VOLCANIC ROCK,TRISTANITE,,,,,PLEISTOCENE,MINERAL / COMPONENT (INCL. GROUNDMASS),OLIVINE,MICROPHENOCRYST,RIM,PRIMARY,31.56,,,,,,,60.08,,0.59,7.04,1.69,,,,,,,,,,,,,,,,,,,,,,,,,,,,,,,,,,,,,,,,,,,,,,,,,,,,,,,,,,,,,,,,,,,,,,,,,,,,,,,,,,,,,
1994, [9907] STOUT M. Z. (1994),samp. SE2,412658,YELLOWSTONE-SNAKE RIVER PLAIN VOLCANIC PROVINCE / SNAKE RIVER PLAIN / CRATERS OF THE MOON LAVA FIELD - SERRATE FLOW,,42.5,-114,44,-115,OUTCROP,SUBAERIAL,VOLCANIC ROCK,TRISTANITE,,,,,PLEISTOCENE,MINERAL / COMPONENT (INCL. GROUNDMASS),OLIVINE,GROUNDMASS,,PRIMARY,31.25,,,,,,,60.72,,0.68,6.14,1.78,,,,,,,,,,,,,,,,,,,,,,,,,,,,,,,,,,,,,,,,,,,,,,,,,,,,,,,,,,,,,,,,,,,,,,,,,,,,,,,,,,,,,
1994, [9907] STOUT M. Z. (1994),samp. SE2,412658,YELLOWSTONE-SNAKE RIVER PLAIN VOLCANIC PROVINCE / SNAKE RIVER PLAIN / CRATERS OF THE MOON LAVA FIELD - SERRATE FLOW,,42.5,-114,44,-115,OUTCROP,SUBAERIAL,VOLCANIC ROCK,TRISTANITE,,,,,PLEISTOCENE,MINERAL / COMPONENT (INCL. GROUNDMASS),OLIVINE,GROUNDMASS,,PRIMARY,31.44,,,,,,,61.59,,0.64,5.23,1.67,,,,,,,,,,,,,,,,,,,,,,,,,,,,,,,,,,,,,,,,,,,,,,,,,,,,,,,,,,,,,,,,,,,,,,,,,,,,,,,,,,,,,
1994, [9907] STOUT M. Z. (1994),samp. SE2,412658,YELLOWSTONE-SNAKE RIVER PLAIN VOLCANIC PROVINCE / SNAKE RIVER PLAIN / CRATERS OF THE MOON LAVA FIELD - SERRATE FLOW,,42.5,-114,44,-115,OUTCROP,SUBAERIAL,VOLCANIC ROCK,TRISTANITE,,,,,PLEISTOCENE,MINERAL / COMPONENT (INCL. GROUNDMASS),OLIVINE,GROUNDMASS,,PRIMARY,31.54,,,,,,,60.17,,0.66,6.52,1.76,,,,,,,,,,,,,,,,,,,,,,,,,,,,,,,,,,,,,,,,,,,,,,,,,,,,,,,,,,,,,,,,,,,,,,,,,,,,,,,,,,,,,
1994, [9907] STOUT M. Z. (1994),samp. SE1,412657,YELLOWSTONE-SNAKE RIVER PLAIN VOLCANIC PROVINCE / SNAKE RIVER PLAIN / CRATERS OF THE MOON LAVA FIELD - SERRATE FLOW,,42.5,-114,44,-115,OUTCROP,SUBAERIAL,VOLCANIC ROCK,TRISTANITE,,,,,PLEISTOCENE,MINERAL / COMPONENT (INCL. GROUNDMASS),PYROXENE,GROUNDMASS,,PRIMARY,42.41,0.47,4.81,,,,,43.78,,0.96,5.45,0.95,,,,,,0.6,,,,,,,,,,,,,,,,,,,,,,,,,,,,,,,,,,,,,,,,,,,,,,,,,,,,,,,,,,,,,,,,,,,,,,,,,,,,,,,
1994, [9907] STOUT M. Z. (1994),samp. SE2,412658,YELLOWSTONE-SNAKE RIVER PLAIN VOLCANIC PROVINCE / SNAKE RIVER PLAIN / CRATERS OF THE MOON LAVA FIELD - SERRATE FLOW,,42.5,-114,44,-115,OUTCROP,SUBAERIAL,VOLCANIC ROCK,TRISTANITE,,,,,PLEISTOCENE,MINERAL / COMPONENT (INCL. GROUNDMASS),PYROXENE,GROUNDMASS,CORE,PRIMARY,48.82,0.71,1.87,,,,,23.25,,17.01,6.57,0.62,,,,,,0.36,,,,,,,,,,,,,,,,,,,,,,,,,,,,,,,,,,,,,,,,,,,,,,,,,,,,,,,,,,,,,,,,,,,,,,,,,,,,,,,
1994, [9907] STOUT M. Z. (1994),samp. SE2,412658,YELLOWSTONE-SNAKE RIVER PLAIN VOLCANIC PROVINCE / SNAKE RIVER PLAIN / CRATERS OF THE MOON LAVA FIELD - SERRATE FLOW,,42.5,-114,44,-115,OUTCROP,SUBAERIAL,VOLCANIC ROCK,TRISTANITE,,,,,PLEISTOCENE,MINERAL / COMPONENT (INCL. GROUNDMASS),PYROXENE,GROUNDMASS,INTERMEDIATE ZONE,PRIMARY,49.05,0.67,1.94,,,,,23.47,,16.53,6.57,0.59,,,,,,0.38,,,,,,,,,,,,,,,,,,,,,,,,,,,,,,,,,,,,,,,,,,,,,,,,,,,,,,,,,,,,,,,,,,,,,,,,,,,,,,,
1994, [9907] STOUT M. Z. (1994),samp. SE2,412658,YELLOWSTONE-SNAKE RIVER PLAIN VOLCANIC PROVINCE / SNAKE RIVER PLAIN / CRATERS OF THE MOON LAVA FIELD - SERRATE FLOW,,42.5,-114,44,-115,OUTCROP,SUBAERIAL,VOLCANIC ROCK,TRISTANITE,,,,,PLEISTOCENE,MINERAL / COMPONENT (INCL. GROUNDMASS),PYROXENE,GROUNDMASS,RIM,PRIMARY,48.83,0.68,1.77,,,,,22.9,,16.92,6.59,0.52,,,,,,0.39,,,,,,,,,,,,,,,,,,,,,,,,,,,,,,,,,,,,,,,,,,,,,,,,,,,,,,,,,,,,,,,,,,,,,,,,,,,,,,,
1994, [9907] STOUT M. Z. (1994),samp. SE1,412657,YELLOWSTONE-SNAKE RIVER PLAIN VOLCANIC PROVINCE / SNAKE RIVER PLAIN / CRATERS OF THE MOON LAVA FIELD - SERRATE FLOW,,42.5,-114,44,-115,OUTCROP,SUBAERIAL,VOLCANIC ROCK,TRISTANITE,,,,,PLEISTOCENE,MINERAL / COMPONENT (INCL. GROUNDMASS),FELDSPAR,PHENOCRYST,CORE,PRIMARY,58.73,,25.69,,,,,,,8.05,,,0.28,,,,0.99,6.33,,,,,,,,,,,,,,,,,,,,,,,,,,,,,,,,,,,,,,,,,,,,,,,,,,,,,,,,,,,,,,,,,,,,,,,,,,,,,,,
1994, [9907] STOUT M. Z. (1994),samp. SE1,412657,YELLOWSTONE-SNAKE RIVER PLAIN VOLCANIC PROVINCE / SNAKE RIVER PLAIN / CRATERS OF THE MOON LAVA FIELD - SERRATE FLOW,,42.5,-114,44,-115,OUTCROP,SUBAERIAL,VOLCANIC ROCK,TRISTANITE,,,,,PLEISTOCENE,MINERAL / COMPONENT (INCL. GROUNDMASS),FELDSPAR,PHENOCRYST,INTERMEDIATE ZONE,PRIMARY,58.15,,25.56,,,,,,,8.16,,,0.28,,,,0.96,6.36,,,,,,,,,,,,,,,,,,,,,,,,,,,,,,,,,,,,,,,,,,,,,,,,,,,,,,,,,,,,,,,,,,,,,,,,,,,,,,,
1994, [9907] STOUT M. Z. (1994),samp. SE1,412657,YELLOWSTONE-SNAKE RIVER PLAIN VOLCANIC PROVINCE / SNAKE RIVER PLAIN / CRATERS OF THE MOON LAVA FIELD - SERRATE FLOW,,42.5,-114,44,-115,OUTCROP,SUBAERIAL,VOLCANIC ROCK,TRISTANITE,,,,,PLEISTOCENE,MINERAL / COMPONENT (INCL. GROUNDMASS),FELDSPAR,PHENOCRYST,RIM,PRIMARY,59.17,,24.73,,,,,,,7.52,,,0.26,,,,1.16,6.61,,,,,,,,,,,,,,,,,,,,,,,,,,,,,,,,,,,,,,,,,,,,,,,,,,,,,,,,,,,,,,,,,,,,,,,,,,,,,,,
1994, [9907] STOUT M. Z. (1994),samp. SE1,412657,YELLOWSTONE-SNAKE RIVER PLAIN VOLCANIC PROVINCE / SNAKE RIVER PLAIN / CRATERS OF THE MOON LAVA FIELD - SERRATE FLOW,,42.5,-114,44,-115,OUTCROP,SUBAERIAL,VOLCANIC ROCK,TRISTANITE,,,,,PLEISTOCENE,MINERAL / COMPONENT (INCL. GROUNDMASS),FELDSPAR,MEGACRYST,RIM,PRIMARY,57.61,,26.11,,,,,,,8.99,,,0.18,,,,0.79,6.02,,,,,,,,,,,,,,,,,,,,,,,,,,,,,,,,,,,,,,,,,,,,,,,,,,,,,,,,,,,,,,,,,,,,,,,,,,,,,,,
1994, [9907] STOUT M. Z. (1994),samp. SE1,412657,YELLOWSTONE-SNAKE RIVER PLAIN VOLCANIC PROVINCE / SNAKE RIVER PLAIN / CRATERS OF THE MOON LAVA FIELD - SERRATE FLOW,,42.5,-114,44,-115,OUTCROP,SUBAERIAL,VOLCANIC ROCK,TRISTANITE,,,,,PLEISTOCENE,MINERAL / COMPONENT (INCL. GROUNDMASS),FELDSPAR,MICROPHENOCRYST,CORE,PRIMARY,60.32,,24.56,,,,,,,6.94,,,0.31,,,,1.32,6.68,,,,,,,,,,,,,,,,,,,,,,,,,,,,,,,,,,,,,,,,,,,,,,,,,,,,,,,,,,,,,,,,,,,,,,,,,,,,,,,
1994, [9907] STOUT M. Z. (1994),samp. SE1,412657,YELLOWSTONE-SNAKE RIVER PLAIN VOLCANIC PROVINCE / SNAKE RIVER PLAIN / CRATERS OF THE MOON LAVA FIELD - SERRATE FLOW,,42.5,-114,44,-115,OUTCROP,SUBAERIAL,VOLCANIC ROCK,TRISTANITE,,,,,PLEISTOCENE,MINERAL / COMPONENT (INCL. GROUNDMASS),FELDSPAR,MICROPHENOCRYST,INTERMEDIATE ZONE,PRIMARY,59.07,,25.12,,,,,,,7.48,,,0.18,,,,1.18,6.74,,,,,,,,,,,,,,,,,,,,,,,,,,,,,,,,,,,,,,,,,,,,,,,,,,,,,,,,,,,,,,,,,,,,,,,,,,,,,,,
1994, [9907] STOUT M. Z. (1994),samp. SE1,412657,YELLOWSTONE-SNAKE RIVER PLAIN VOLCANIC PROVINCE / SNAKE RIVER PLAIN / CRATERS OF THE MOON LAVA FIELD - SERRATE FLOW,,42.5,-114,44,-115,OUTCROP,SUBAERIAL,VOLCANIC ROCK,TRISTANITE,,,,,PLEISTOCENE,MINERAL / COMPONENT (INCL. GROUNDMASS),FELDSPAR,MICROPHENOCRYST,RIM,PRIMARY,61.43,,23.3,,,,,,,6.31,,,0,,,,1.48,7.12,,,,,,,,,,,,,,,,,,,,,,,,,,,,,,,,,,,,,,,,,,,,,,,,,,,,,,,,,,,,,,,,,,,,,,,,,,,,,,,
1994, [9907] STOUT M. Z. (1994),samp. SE1,412657,YELLOWSTONE-SNAKE RIVER PLAIN VOLCANIC PROVINCE / SNAKE RIVER PLAIN / CRATERS OF THE MOON LAVA FIELD - SERRATE FLOW,,42.5,-114,44,-115,OUTCROP,SUBAERIAL,VOLCANIC ROCK,TRISTANITE,,,,,PLEISTOCENE,MINERAL / COMPONENT (INCL. GROUNDMASS),FELDSPAR,MICROPHENOCRYST,CORE,PRIMARY,58.06,,25.93,,,,,,,8.6,,,0.23,,,,0.9,6.16,,,,,,,,,,,,,,,,,,,,,,,,,,,,,,,,,,,,,,,,,,,,,,,,,,,,,,,,,,,,,,,,,,,,,,,,,,,,,,,
1994, [9907] STOUT M. Z. (1994),samp. SE1,412657,YELLOWSTONE-SNAKE RIVER PLAIN VOLCANIC PROVINCE / SNAKE RIVER PLAIN / CRATERS OF THE MOON LAVA FIELD - SERRATE FLOW,,42.5,-114,44,-115,OUTCROP,SUBAERIAL,VOLCANIC ROCK,TRISTANITE,,,,,PLEISTOCENE,MINERAL / COMPONENT (INCL. GROUNDMASS),FELDSPAR,MICROPHENOCRYST,INTERMEDIATE ZONE,PRIMARY,57.93,,26.16,,,,,,,8.67,,,0.24,,,,0.86,6.12,,,,,,,,,,,,,,,,,,,,,,,,,,,,,,,,,,,,,,,,,,,,,,,,,,,,,,,,,,,,,,,,,,,,,,,,,,,,,,,
1994, [9907] STOUT M. Z. (1994),samp. SE1,412657,YELLOWSTONE-SNAKE RIVER PLAIN VOLCANIC PROVINCE / SNAKE RIVER PLAIN / CRATERS OF THE MOON LAVA FIELD - SERRATE FLOW,,42.5,-114,44,-115,OUTCROP,SUBAERIAL,VOLCANIC ROCK,TRISTANITE,,,,,PLEISTOCENE,MINERAL / COMPONENT (INCL. GROUNDMASS),FELDSPAR,MICROPHENOCRYST,RIM,PRIMARY,58.2,,25.78,,,,,,,8.65,,,0,,,,0.85,6.18,,,,,,,,,,,,,,,,,,,,,,,,,,,,,,,,,,,,,,,,,,,,,,,,,,,,,,,,,,,,,,,,,,,,,,,,,,,,,,,
1994, [9907] STOUT M. Z. (1994),samp. SE1,412657,YELLOWSTONE-SNAKE RIVER PLAIN VOLCANIC PROVINCE / SNAKE RIVER PLAIN / CRATERS OF THE MOON LAVA FIELD - SERRATE FLOW,,42.5,-114,44,-115,OUTCROP,SUBAERIAL,VOLCANIC ROCK,TRISTANITE,,,,,PLEISTOCENE,MINERAL / COMPONENT (INCL. GROUNDMASS),FELDSPAR,GROUNDMASS,,PRIMARY,59.33,,24.63,,,,,,,7.53,,,0.22,,,,1.13,6.61,,,,,,,,,,,,,,,,,,,,,,,,,,,,,,,,,,,,,,,,,,,,,,,,,,,,,,,,,,,,,,,,,,,,,,,,,,,,,,,
1994, [9907] STOUT M. Z. (1994),samp. SE1,412657,YELLOWSTONE-SNAKE RIVER PLAIN VOLCANIC PROVINCE / SNAKE RIVER PLAIN / CRATERS OF THE MOON LAVA FIELD - SERRATE FLOW,,42.5,-114,44,-115,OUTCROP,SUBAERIAL,VOLCANIC ROCK,TRISTANITE,,,,,PLEISTOCENE,MINERAL / COMPONENT (INCL. GROUNDMASS),FELDSPAR,GROUNDMASS,,PRIMARY,63.38,,21.38,,,,,,,3.99,,,0.81,,,,3.35,6.67,,,,,,,,,,,,,,,,,,,,,,,,,,,,,,,,,,,,,,,,,,,,,,,,,,,,,,,,,,,,,,,,,,,,,,,,,,,,,,,
1994, [9907] STOUT M. Z. (1994),samp. SE1,412657,YELLOWSTONE-SNAKE RIVER PLAIN VOLCANIC PROVINCE / SNAKE RIVER PLAIN / CRATERS OF THE MOON LAVA FIELD - SERRATE FLOW,,42.5,-114,44,-115,OUTCROP,SUBAERIAL,VOLCANIC ROCK,TRISTANITE,,,,,PLEISTOCENE,MINERAL / COMPONENT (INCL. GROUNDMASS),FELDSPAR,GROUNDMASS,,PRIMARY,64.96,,20.66,,,,,,,2.47,,,1.11,,,,4.68,6.68,,,,,,,,,,,,,,,,,,,,,,,,,,,,,,,,,,,,,,,,,,,,,,,,,,,,,,,,,,,,,,,,,,,,,,,,,,,,,,,
1994, [9907] STOUT M. Z. (1994),samp. SE2,412658,YELLOWSTONE-SNAKE RIVER PLAIN VOLCANIC PROVINCE / SNAKE RIVER PLAIN / CRATERS OF THE MOON LAVA FIELD - SERRATE FLOW,,42.5,-114,44,-115,OUTCROP,SUBAERIAL,VOLCANIC ROCK,TRISTANITE,,,,,PLEISTOCENE,MINERAL / COMPONENT (INCL. GROUNDMASS),FELDSPAR,GROUNDMASS,CORE,PRIMARY,59.64,,23.98,,,,,,,6.47,,,0.23,,,,1.44,6.76,,,,,,,,,,,,,,,,,,,,,,,,,,,,,,,,,,,,,,,,,,,,,,,,,,,,,,,,,,,,,,,,,,,,,,,,,,,,,,,
1994, [9907] STOUT M. Z. (1994),samp. SE2,412658,YELLOWSTONE-SNAKE RIVER PLAIN VOLCANIC PROVINCE / SNAKE RIVER PLAIN / CRATERS OF THE MOON LAVA FIELD - SERRATE FLOW,,42.5,-114,44,-115,OUTCROP,SUBAERIAL,VOLCANIC ROCK,TRISTANITE,,,,,PLEISTOCENE,MINERAL / COMPONENT (INCL. GROUNDMASS),FELDSPAR,GROUNDMASS,INTERMEDIATE ZONE,PRIMARY,59.54,,23.79,,,,,,,6.43,,,0.32,,,,1.41,6.86,,,,,,,,,,,,,,,,,,,,,,,,,,,,,,,,,,,,,,,,,,,,,,,,,,,,,,,,,,,,,,,,,,,,,,,,,,,,,,,
1994, [9907] STOUT M. Z. (1994),samp. SE2,412658,YELLOWSTONE-SNAKE RIVER PLAIN VOLCANIC PROVINCE / SNAKE RIVER PLAIN / CRATERS OF THE MOON LAVA FIELD - SERRATE FLOW,,42.5,-114,44,-115,OUTCROP,SUBAERIAL,VOLCANIC ROCK,TRISTANITE,,,,,PLEISTOCENE,MINERAL / COMPONENT (INCL. GROUNDMASS),FELDSPAR,GROUNDMASS,RIM,PRIMARY,59.13,,24,,,,,,,6.76,,,0.24,,,,1.38,6.69,,,,,,,,,,,,,,,,,,,,,,,,,,,,,,,,,,,,,,,,,,,,,,,,,,,,,,,,,,,,,,,,,,,,,,,,,,,,,,,
1994, [9907] STOUT M. Z. (1994),samp. SE2,412658,YELLOWSTONE-SNAKE RIVER PLAIN VOLCANIC PROVINCE / SNAKE RIVER PLAIN / CRATERS OF THE MOON LAVA FIELD - SERRATE FLOW,,42.5,-114,44,-115,OUTCROP,SUBAERIAL,VOLCANIC ROCK,TRISTANITE,,,,,PLEISTOCENE,MINERAL / COMPONENT (INCL. GROUNDMASS),FELDSPAR,PHENOCRYST,CORE,PRIMARY,58.69,,24.01,,,,,,,6.92,,,0.48,,,,1.43,6.44,,,,,,,,,,,,,,,,,,,,,,,,,,,,,,,,,,,,,,,,,,,,,,,,,,,,,,,,,,,,,,,,,,,,,,,,,,,,,,,
1994, [9907] STOUT M. Z. (1994),samp. SE2,412658,YELLOWSTONE-SNAKE RIVER PLAIN VOLCANIC PROVINCE / SNAKE RIVER PLAIN / CRATERS OF THE MOON LAVA FIELD - SERRATE FLOW,,42.5,-114,44,-115,OUTCROP,SUBAERIAL,VOLCANIC ROCK,TRISTANITE,,,,,PLEISTOCENE,MINERAL / COMPONENT (INCL. GROUNDMASS),FELDSPAR,PHENOCRYST,INTERMEDIATE ZONE,PRIMARY,58.81,,23.87,,,,,,,6.67,,,0.65,,,,1.5,6.5,,,,,,,,,,,,,,,,,,,,,,,,,,,,,,,,,,,,,,,,,,,,,,,,,,,,,,,,,,,,,,,,,,,,,,,,,,,,,,,
1994, [9907] STOUT M. Z. (1994),samp. SE2,412658,YELLOWSTONE-SNAKE RIVER PLAIN VOLCANIC PROVINCE / SNAKE RIVER PLAIN / CRATERS OF THE MOON LAVA FIELD - SERRATE FLOW,,42.5,-114,44,-115,OUTCROP,SUBAERIAL,VOLCANIC ROCK,TRISTANITE,,,,,PLEISTOCENE,MINERAL / COMPONENT (INCL. GROUNDMASS),FELDSPAR,PHENOCRYST,RIM,PRIMARY,59.52,,23.88,,,,,,,6.31,,,0.78,,,,1.82,6.55,,,,,,,,,,,,,,,,,,,,,,,,,,,,,,,,,,,,,,,,,,,,,,,,,,,,,,,,,,,,,,,,,,,,,,,,,,,,,,,
1994, [9907] STOUT M. Z. (1994),samp. SE2,412658,YELLOWSTONE-SNAKE RIVER PLAIN VOLCANIC PROVINCE / SNAKE RIVER PLAIN / CRATERS OF THE MOON LAVA FIELD - SERRATE FLOW,,42.5,-114,44,-115,OUTCROP,SUBAERIAL,VOLCANIC ROCK,TRISTANITE,,,,,PLEISTOCENE,MINERAL / COMPONENT (INCL. GROUNDMASS),FELDSPAR,GROUNDMASS,,PRIMARY,59.13,,23.3,,,,,,,6.31,,,0.54,,,,1.68,6.62,,,,,,,,,,,,,,,,,,,,,,,,,,,,,,,,,,,,,,,,,,,,,,,,,,,,,,,,,,,,,,,,,,,,,,,,,,,,,,,
1994, [9907] STOUT M. Z. (1994),samp. SE2,412658,YELLOWSTONE-SNAKE RIVER PLAIN VOLCANIC PROVINCE / SNAKE RIVER PLAIN / CRATERS OF THE MOON LAVA FIELD - SERRATE FLOW,,42.5,-114,44,-115,OUTCROP,SUBAERIAL,VOLCANIC ROCK,TRISTANITE,,,,,PLEISTOCENE,MINERAL / COMPONENT (INCL. GROUNDMASS),ILMENITE,MEGACRYST,,PRIMARY,0,49.57,0.15,,,,4.82,,41.94,0.04,1.02,0.76,,,,,,,,,,,,,,,,,,,,,,,,,,,,,,,,,,,,,,,,,,,,,,,,,,,,,,,,,,,,,,,,,,,,,,,,,,,,,,,,,,,,,
1994, [9907] STOUT M. Z. (1994),samp. SE1,412657,YELLOWSTONE-SNAKE RIVER PLAIN VOLCANIC PROVINCE / SNAKE RIVER PLAIN / CRATERS OF THE MOON LAVA FIELD - SERRATE FLOW,,42.5,-114,44,-115,OUTCROP,SUBAERIAL,VOLCANIC ROCK,TRISTANITE,,,,,PLEISTOCENE,MINERAL / COMPONENT (INCL. GROUNDMASS),MAGNETITE,PHENOCRYST,CORE,PRIMARY,0.1,21.15,2.19,,,,26.76,,48.37,0.02,1.61,0.59,,,,,,,,,,,,,,,,,,,,,,,,,,,,,,,,,,,,,,,,,,,,,,,,,,,,,,,,,,,,,,,,,,,,,,,,,,,,,,36.8,,57.94,,,,,
1994, [9907] STOUT M. Z. (1994),samp. SE1,412657,YELLOWSTONE-SNAKE RIVER PLAIN VOLCANIC PROVINCE / SNAKE RIVER PLAIN / CRATERS OF THE MOON LAVA FIELD - SERRATE FLOW,,42.5,-114,44,-115,OUTCROP,SUBAERIAL,VOLCANIC ROCK,TRISTANITE,,,,,PLEISTOCENE,MINERAL / COMPONENT (INCL. GROUNDMASS),MAGNETITE,PHENOCRYST,RIM,PRIMARY,0.11,20.53,2.12,,,,27.56,,48,0.03,1.35,0.63,,,,,,,,,,,,,,,,,,,,,,,,,,,,,,,,,,,,,,,,,,,,,,,,,,,,,,,,,,,,,,,,,,,,,,,,,,,,,,38.17,,57.01,,,,,
1994, [9907] STOUT M. Z. (1994),samp. SE1,412657,YELLOWSTONE-SNAKE RIVER PLAIN VOLCANIC PROVINCE / SNAKE RIVER PLAIN / CRATERS OF THE MOON LAVA FIELD - SERRATE FLOW,,42.5,-114,44,-115,OUTCROP,SUBAERIAL,VOLCANIC ROCK,TRISTANITE,,,,,PLEISTOCENE,MINERAL / COMPONENT (INCL. GROUNDMASS),MAGNETITE,MICROPHENOCRYST,CORE,PRIMARY,0.1,20.94,2.38,,,,26.66,,48.69,0.05,1.25,0.58,,,,,,,,,,,,,,,,,,,,,,,,,,,,,,,,,,,,,,,,,,,,,,,,,,,,,,,,,,,,,,,,,,,,,,,,,,,,,,36.77,,58.74,,,,,
1994, [9907] STOUT M. Z. (1994),samp. SE1,412657,YELLOWSTONE-SNAKE RIVER PLAIN VOLCANIC PROVINCE / SNAKE RIVER PLAIN / CRATERS OF THE MOON LAVA FIELD - SERRATE FLOW,,42.5,-114,44,-115,OUTCROP,SUBAERIAL,VOLCANIC ROCK,TRISTANITE,,,,,PLEISTOCENE,MINERAL / COMPONENT (INCL. GROUNDMASS),MAGNETITE,MICROPHENOCRYST,RIM,PRIMARY,0.13,19.82,1.72,,,,28.26,,47.73,0.09,0.8,0.6,,,,,,,,,,,,,,,,,,,,,,,,,,,,,,,,,,,,,,,,,,,,,,,,,,,,,,,,,,,,,,,,,,,,,,,,,,,,,,39.85,,56.56,,,,,
1994, [9907] STOUT M. Z. (1994),samp. SE1,412657,YELLOWSTONE-SNAKE RIVER PLAIN VOLCANIC PROVINCE / SNAKE RIVER PLAIN / CRATERS OF THE MOON LAVA FIELD - SERRATE FLOW,,42.5,-114,44,-115,OUTCROP,SUBAERIAL,VOLCANIC ROCK,TRISTANITE,,,,,PLEISTOCENE,MINERAL / COMPONENT (INCL. GROUNDMASS),MAGNETITE,GROUNDMASS,,PRIMARY,0.24,19.79,1.69,,,,28.55,,47.67,0.14,0.98,0.59,,,,,,,,,,,,,,,,,,,,,,,,,,,,,,,,,,,,,,,,,,,,,,,,,,,,,,,,,,,,,,,,,,,,,,,,,,,,,,39.99,,56.1,,,,,
1994, [9907] STOUT M. Z. (1994),samp. SE2,412658,YELLOWSTONE-SNAKE RIVER PLAIN VOLCANIC PROVINCE / SNAKE RIVER PLAIN / CRATERS OF THE MOON LAVA FIELD - SERRATE FLOW,,42.5,-114,44,-115,OUTCROP,SUBAERIAL,VOLCANIC ROCK,TRISTANITE,,,,,PLEISTOCENE,MINERAL / COMPONENT (INCL. GROUNDMASS),MAGNETITE,GROUNDMASS,CORE,PRIMARY,0.06,23.24,1.25,,,,21.77,,51.1,,0.85,0.74,,,,,,,,,,,,,,,,,,,,,,,,,,,,,,,,,,,,,,,,,,,,,,,,,,,,,,,,,,,,,,,,,,,,,,,,,,,,,,30.95,,67.06,,,,,
1994, [9907] STOUT M. Z. (1994),samp. SE2,412658,YELLOWSTONE-SNAKE RIVER PLAIN VOLCANIC PROVINCE / SNAKE RIVER PLAIN / CRATERS OF THE MOON LAVA FIELD - SERRATE FLOW,,42.5,-114,44,-115,OUTCROP,SUBAERIAL,VOLCANIC ROCK,TRISTANITE,,,,,PLEISTOCENE,MINERAL / COMPONENT (INCL. GROUNDMASS),MAGNETITE,GROUNDMASS,RIM,PRIMARY,0.07,22.17,1.42,,,,22.8,,49.87,,0.8,0.74,,,,,,,,,,,,,,,,,,,,,,,,,,,,,,,,,,,,,,,,,,,,,,,,,,,,,,,,,,,,,,,,,,,,,,,,,,,,,,32.8,,65.33,,,,,
1994, [9907] STOUT M. Z. (1994),samp. SE2,412658,YELLOWSTONE-SNAKE RIVER PLAIN VOLCANIC PROVINCE / SNAKE RIVER PLAIN / CRATERS OF THE MOON LAVA FIELD - SERRATE FLOW,,42.5,-114,44,-115,OUTCROP,SUBAERIAL,VOLCANIC ROCK,TRISTANITE,,,,,PLEISTOCENE,MINERAL / COMPONENT (INCL. GROUNDMASS),MAGNETITE,MEGACRYST,,PRIMARY,,24.44,1.23,,,,19.21,,51.55,0.01,0.67,0.7,,,,,,,,,,,,,,,,,,,,,,,,,,,,,,,,,,,,,,,,,,,,,,,,,,,,,,,,,,,,,,,,,,,,,,,,,,,,,,27.45,,68.71,,,,,
1994, [9907] STOUT M. Z. (1994),samp. SE2,412658,YELLOWSTONE-SNAKE RIVER PLAIN VOLCANIC PROVINCE / SNAKE RIVER PLAIN / CRATERS OF THE MOON LAVA FIELD - SERRATE FLOW,,42.5,-114,44,-115,OUTCROP,SUBAERIAL,VOLCANIC ROCK,TRISTANITE,,,,,PLEISTOCENE,MINERAL / COMPONENT (INCL. GROUNDMASS),MAGNETITE,MICROPHENOCRYST,,PRIMARY,,23.14,1.29,,,,21.9,,50.76,,0.91,0.76,,,,,,,,,,,,,,,,,,,,,,,,,,,,,,,,,,,,,,,,,,,,,,,,,,,,,,,,,,,,,,,,,,,,,,,,,,,,,,31.21,,66.66,,,,,
1994, [9907] STOUT M. Z. (1994),samp. SE2,412658,YELLOWSTONE-SNAKE RIVER PLAIN VOLCANIC PROVINCE / SNAKE RIVER PLAIN / CRATERS OF THE MOON LAVA FIELD - SERRATE FLOW,,42.5,-114,44,-115,OUTCROP,SUBAERIAL,VOLCANIC ROCK,TRISTANITE,,,,,PLEISTOCENE,MINERAL / COMPONENT (INCL. GROUNDMASS),MAGNETITE,MICROPHENOCRYST,,PRIMARY,0.12,18.04,1.65,,,,30.75,,46.6,,0.63,0.59,,,,,,,,,,,,,,,,,,,,,,,,,,,,,,,,,,,,,,,,,,,,,,,,,,,,,,,,,,,,,,,,,,,,,,,,,,,,,,44.11,,54.58,,,,,
1994, [9907] STOUT M. Z. (1994),samp. SE2,412658,YELLOWSTONE-SNAKE RIVER PLAIN VOLCANIC PROVINCE / SNAKE RIVER PLAIN / CRATERS OF THE MOON LAVA FIELD - SERRATE FLOW,,42.5,-114,44,-115,OUTCROP,SUBAERIAL,VOLCANIC ROCK,TRISTANITE,,,,,PLEISTOCENE,MINERAL / COMPONENT (INCL. GROUNDMASS),MAGNETITE,GROUNDMASS,,PRIMARY,0.19,14.58,1.79,,,,36.52,,43.75,,0.35,0.58,,,,,,,,,,,,,,,,,,,,,,,,,,,,,,,,,,,,,,,,,,,,,,,,,,,,,,,,,,,,,,,,,,,,,,,,,,,,,,52.95,,46.38,,,,,
1994, [9907] STOUT M. Z. (1994),samp. SE2,412658,YELLOWSTONE-SNAKE RIVER PLAIN VOLCANIC PROVINCE / SNAKE RIVER PLAIN / CRATERS OF THE MOON LAVA FIELD - SERRATE FLOW,,42.5,-114,44,-115,OUTCROP,SUBAERIAL,VOLCANIC ROCK,TRISTANITE,,,,,PLEISTOCENE,MINERAL / COMPONENT (INCL. GROUNDMASS),MAGNETITE,GROUNDMASS,,PRIMARY,0.17,18.81,1.64,,,,29.08,,47.85,,0.35,0.41,,,,,,,,,,,,,,,,,,,,,,,,,,,,,,,,,,,,,,,,,,,,,,,,,,,,,,,,,,,,,,,,,,,,,,,,,,,,,,41.73,,57.52,,,,,
1990, [12594] DI BATTISTINI G. (1990),samp. 189DB,,LIGURIA-SARDO-TYRRHENIAN ARC / SARDINIA / NORTHERN SARDINIA / MONTIFERRO,,40.5,8.5,40.5,8.5,OUTCROP,SUBAERIAL,VOLCANIC ROCK,TRISTANITE,,,,,PLIOCENE,WHOLE ROCK,,,,,54.2,1.8,18.7,,,,4.68,,2.83,4.96,2.09,0.09,,,,,3.7,5.21,0.82,,,,,,,,0.73,,,,,,,,,,8,106,31,18,25,,,,,74,768,20,293,52,,,,1448,60,140,,45,,,,,,,,,,,,,,,,,,,,,,,,,,,,,,,,,,,,,,,
1990, [12594] DI BATTISTINI G. (1990),samp. 191DB,,LIGURIA-SARDO-TYRRHENIAN ARC / SARDINIA / NORTHERN SARDINIA / MONTIFERRO,,40.5,8.5,40.5,8.5,OUTCROP,SUBAERIAL,VOLCANIC ROCK,TRISTANITE,,,,,PLIOCENE,WHOLE ROCK,,,,,54.07,1.89,18.65,,,,5.99,,1.95,4.3,1.98,0.08,,,,,4.15,5.05,0.77,,,,,,,,1.02,,,,,,,,,,9,124,27,17,30,,,,,94,789,19,388,57,,,,1630,59,81,,50,,,,,,,,,,,,,,,9,,,,,,,,,,,,,,,,,,,,,,,,
1990, [12594] DI BATTISTINI G. (1990),samp. 197DB,,LIGURIA-SARDO-TYRRHENIAN ARC / SARDINIA / NORTHERN SARDINIA / MONTIFERRO,,40.5,8.5,40.5,8.5,OUTCROP,SUBAERIAL,VOLCANIC ROCK,TRISTANITE,,,,,PLIOCENE,WHOLE ROCK,,,,,54.94,1.96,17.65,,,,5.11,,2.76,4.58,1.58,0.09,,,,,4.14,5.54,0.91,,,,,,,,0.53,,,,,,,,,,9,123,11,14,2,,,,,88,783,27,358,59,,,,1583,64,127,,50,,,,,,,,,,,,,,,8,,,,,,,,,,,,,,,,,,,,,,,,
1990, [12594] DI BATTISTINI G. (1990),samp. 171DB,,LIGURIA-SARDO-TYRRHENIAN ARC / SARDINIA / NORTHERN SARDINIA / MONTIFERRO,,40.5,8.5,40.5,8.5,OUTCROP,SUBAERIAL,VOLCANIC ROCK,TRISTANITE,,,,,PLIOCENE,WHOLE ROCK,,,,,56.15,1.46,18.86,,,,4.7,,1.84,3.26,1.61,0.09,,,,,4.59,5.52,0.8,,,,,,,,0.72,,,,,,,,,,6,58,14,12,6,,,,,106,552,19,405,62,,,,1736,60,129,,53,,,,,,,,,,,,,,,12,,,,,,,,,,,,,,,,,,,,,,,,
1990, [12594] DI BATTISTINI G. (1990),samp. 158DB1,,LIGURIA-SARDO-TYRRHENIAN ARC / SARDINIA / NORTHERN SARDINIA / MONTIFERRO,,40.5,8.5,40.5,8.5,OUTCROP,SUBAERIAL,VOLCANIC ROCK,TRISTANITE,,,,,PLIOCENE,WHOLE ROCK,,,,,56.3,1.47,18.81,,,,3.58,,2.34,3.29,1.44,0.09,,,,,4.95,5.39,0.87,,,,,,,,0.98,,,,,,,,,,5,50,13,10,5,,,,,107,728,23,421,68,,,,1904,69,145,,59,,,,,,,,,,,,,,,8,,,,,,,,,,,,,,,,,,,,,,,,
1990, [12594] DI BATTISTINI G. (1990),samp. 92DB,,LIGURIA-SARDO-TYRRHENIAN ARC / SARDINIA / NORTHERN SARDINIA / MONTIFERRO,,40.5,8.5,40.5,8.5,OUTCROP,SUBAERIAL,VOLCANIC ROCK,TRISTANITE,,,,,PLIOCENE,WHOLE ROCK,,,,,56.85,1.46,18.39,,,,5.05,,1.38,3.44,1.22,0.06,,,,,4.81,5.43,0.87,,,,,,,,1.04,,,,,,,,,,7,61,12,8,3,,,,,95,644,23,407,62,,,,,83,187,,,,,,,,,,,,,,,,,6,,,,,,,,,,,,,,,,,,,,,,,,
1990, [12594] DI BATTISTINI G. (1990),samp. 187DB,,LIGURIA-SARDO-TYRRHENIAN ARC / SARDINIA / NORTHERN SARDINIA / MONTIFERRO,,40.5,8.5,40.5,8.5,OUTCROP,SUBAERIAL,VOLCANIC ROCK,TRISTANITE,,,,,PLIOCENE,WHOLE ROCK,,,,,56.57,1.46,18.64,,,,5.44,,0.82,3.4,1.38,0.08,,,,,4.94,5.59,0.78,,,,,,,,0.8,,,,,,,,,,7,54,14,10,7,,,,,103,616,25,422,65,,,,1661,67,127,,45,,,,,,,,,,,,,,,7,,,,,,,,,,,,,,,,,,,,,,,,
1990, [12594] DI BATTISTINI G. (1990),samp. 189DB,,LIGURIA-SARDO-TYRRHENIAN ARC / SARDINIA / NORTHERN SARDINIA / MONTIFERRO,,40.5,8.5,40.5,8.5,OUTCROP,SUBAERIAL,VOLCANIC ROCK,TRISTANITE,,,,,PLIOCENE,MINERAL / COMPONENT (INCL. GROUNDMASS),CLINOPYROXENE,,,PRIMARY,49.5,1.7,5.46,,,,,9.96,,18.6,13.5,0.22,,,,,,0.79,,,,,,,,,,,,,,,,,,,,,,,,,,,,,,,,,,,,,,,,,,,,,,,,,,,,,,,,,,,,,,,,,,,,,41.6,,17.2,,,,41.2,,,,
1990, [12594] DI BATTISTINI G. (1990),samp. 189DB,,LIGURIA-SARDO-TYRRHENIAN ARC / SARDINIA / NORTHERN SARDINIA / MONTIFERRO,,40.5,8.5,40.5,8.5,OUTCROP,SUBAERIAL,VOLCANIC ROCK,TRISTANITE,,,,,PLIOCENE,MINERAL / COMPONENT (INCL. GROUNDMASS),CLINOPYROXENE,,,PRIMARY,49.9,1.33,4.83,,,,,10.4,,18.4,14.1,0.14,,,,,,0.77,,,,,,,,,,,,,,,,,,,,,,,,,,,,,,,,,,,,,,,,,,,,,,,,,,,,,,,,,,,,,,,,,,,,,42.53,,17.6,,,,39.87,,,,
1990, [12594] DI BATTISTINI G. (1990),samp. 189DB,,LIGURIA-SARDO-TYRRHENIAN ARC / SARDINIA / NORTHERN SARDINIA / MONTIFERRO,,40.5,8.5,40.5,8.5,OUTCROP,SUBAERIAL,VOLCANIC ROCK,TRISTANITE,,,,,PLIOCENE,MINERAL / COMPONENT (INCL. GROUNDMASS),OLIVINE,,,PRIMARY,38,,0.04,,,,,25.5,,0.17,37.1,0.3,,,,,,,,,,,,,,,,,,,,,,,,,,,,,,,,,,,,,,,,,,,,,,,,,,,,,,,,,,,,,,,,,,,,,,,,,,,,,,,,,,,,,
1990, [12594] DI BATTISTINI G. (1990),samp. 189DB,,LIGURIA-SARDO-TYRRHENIAN ARC / SARDINIA / NORTHERN SARDINIA / MONTIFERRO,,40.5,8.5,40.5,8.5,OUTCROP,SUBAERIAL,VOLCANIC ROCK,TRISTANITE,,,,,PLIOCENE,MINERAL / COMPONENT (INCL. GROUNDMASS),OLIVINE,,,PRIMARY,36.4,7.08,14.6,,,,,15,,0.02,13.4,0.12,,,,,8.46,0.88,,,,,,,,,,,,,,,,,,,,,,,,,,,,,,,,,,,,,,,,,,,,,,,,,,,,,,,,,,,,,,,,,,,,,,,,,,,,,,,
1990, [12594] DI BATTISTINI G. (1990),samp. 189DB,,LIGURIA-SARDO-TYRRHENIAN ARC / SARDINIA / NORTHERN SARDINIA / MONTIFERRO,,40.5,8.5,40.5,8.5,OUTCROP,SUBAERIAL,VOLCANIC ROCK,TRISTANITE,,,,,PLIOCENE,MINERAL / COMPONENT (INCL. GROUNDMASS),AMPHIBOLE,,,PRIMARY,40.2,5.6,11.8,,,,,12.4,,10.9,12.1,0.13,,,,,1.31,2.52,,,,,,,,,,,,,,,,,,,,,,,,,,,,,,,,,,,,,,,,,,,,,,,,,,,,,,,,,,,,,,,,,,,,,,,,,,,,,,,
1976, [14035] ASSORGIA A. (1976),samp. 189 DB ,,LIGURIA-SARDO-TYRRHENIAN ARC / SARDINIA / NORTHERN SARDINIA / MONTIFERRO,100 M SE OF QUOTA 335,40.5,8.5,40.5,8.5,OUTCROP,SUBAERIAL,VOLCANIC ROCK,TRISTANITE,PORPHYRITIC,,,,,WHOLE ROCK,,,,,54.2,1.8,18.7,,,,4.68,,2.83,4.96,2.09,0.09,,,,,3.7,5.21,0.82,,0.73,,,,,,,,,,,,,,,,,,,,,,,,,,,,,,,,,,,,,,,,,,,,,,,,,,,,,,,,,,,,,,,,,,,,,,,,,,,,
1976, [14035] ASSORGIA A. (1976),samp. 149 DB,,LIGURIA-SARDO-TYRRHENIAN ARC / SARDINIA / NORTHERN SARDINIA / MONTIFERRO,QUOTA 335,40.5,8.5,40.5,8.5,OUTCROP,SUBAERIAL,VOLCANIC ROCK,TRISTANITE,PORPHYRITIC,,,,,WHOLE ROCK,,,,,54.41,1.78,18.41,,,,5.05,,2.34,4.8,2.07,0.1,,,,,4.02,5.12,0.8,,0.81,,,,,,,,,,,,,,,,,,,,,,,,,,,,,,,,,,,,,,,,,,,,,,,,,,,,,,,,,,,,,,,,,,,,,,,,,,,,
1976, [14035] ASSORGIA A. (1976),samp. 191 DB,,LIGURIA-SARDO-TYRRHENIAN ARC / SARDINIA / NORTHERN SARDINIA / MONTIFERRO,500 M S OF QUOTA 335,40.5,8.5,40.5,8.5,OUTCROP,SUBAERIAL,VOLCANIC ROCK,TRISTANITE,PORPHYRITIC,,,,,WHOLE ROCK,,,,,54.07,1.89,18.65,,,,5.99,,1.95,4.3,1.98,0.08,,,,,4.15,5.05,0.77,,1.02,,,,,,,,,,,,,,,,,,,,,,,,,,,,,,,,,,,,,,,,,,,,,,,,,,,,,,,,,,,,,,,,,,,,,,,,,,,,
1976, [14035] ASSORGIA A. (1976),samp. 197 DB,,LIGURIA-SARDO-TYRRHENIAN ARC / SARDINIA / NORTHERN SARDINIA / MONTIFERRO,500 M NW OF QUOTA 335,40.5,8.5,40.5,8.5,OUTCROP,SUBAERIAL,VOLCANIC ROCK,TRISTANITE,APHANITIC,,,,,WHOLE ROCK,,,,,54.94,1.96,17.65,,,,5.11,,2.76,4.58,1.58,0.09,,,,,4.14,5.54,0.91,,0.53,,,,,,,,,,,,,,,,,,,,,,,,,,,,,,,,,,,,,,,,,,,,,,,,,,,,,,,,,,,,,,,,,,,,,,,,,,,,
1976, [14035] ASSORGIA A. (1976),samp. 171 DB,,LIGURIA-SARDO-TYRRHENIAN ARC / SARDINIA / NORTHERN SARDINIA / MONTIFERRO,150 M SOUTH QUOTA 255 SERRA PASSA,40.5,8.5,40.5,8.5,OUTCROP,SUBAERIAL,VOLCANIC ROCK,TRISTANITE,PORPHYRITIC,,,,,WHOLE ROCK,,,,,56.15,1.46,18.86,,,,4.7,,1.84,3.26,1.61,0.09,,,,,4.59,5.52,0.8,,0.72,,,,,,,,,,,,,,,,,,,,,,,,,,,,,,,,,,,,,,,,,,,,,,,,,,,,,,,,,,,,,,,,,,,,,,,,,,,,
1976, [14035] ASSORGIA A. (1976),samp. 158 DB,,LIGURIA-SARDO-TYRRHENIAN ARC / SARDINIA / NORTHERN SARDINIA / MONTIFERRO,300 M WEST OF OSPEDALE SCALA,40.5,8.5,40.5,8.5,OUTCROP,SUBAERIAL,VOLCANIC ROCK,TRISTANITE,PORPHYRITIC,,,,,WHOLE ROCK,,,,,56.3,1.47,18.81,,,,3.58,,2.34,3.29,1.44,0.09,,,,,4.95,5.39,0.87,,0.98,,,,,,,,,,,,,,,,,,,,,,,,,,,,,,,,,,,,,,,,,,,,,,,,,,,,,,,,,,,,,,,,,,,,,,,,,,,,
1976, [14035] ASSORGIA A. (1976),samp. 192 DB,,LIGURIA-SARDO-TYRRHENIAN ARC / SARDINIA / NORTHERN SARDINIA / MONTIFERRO,300 M NE QUOTA 255 SERRA PASSA,40.5,8.5,40.5,8.5,OUTCROP,SUBAERIAL,VOLCANIC ROCK,TRISTANITE,PORPHYRITIC,,,,,WHOLE ROCK,,,,,56.85,1.46,18.39,,,,5.05,,1.38,3.44,1.22,0.06,,,,,4.81,5.43,0.87,,1.04,,,,,,,,,,,,,,,,,,,,,,,,,,,,,,,,,,,,,,,,,,,,,,,,,,,,,,,,,,,,,,,,,,,,,,,,,,,,
1976, [14035] ASSORGIA A. (1976),samp. 127 DB,,LIGURIA-SARDO-TYRRHENIAN ARC / SARDINIA / NORTHERN SARDINIA / MONTIFERRO,RIU MAST IMPERA,40.5,8.5,40.5,8.5,OUTCROP,SUBAERIAL,VOLCANIC ROCK,TRISTANITE,PORPHYRITIC,,,,,WHOLE ROCK,,,,,56.39,1.45,18.6,,,,4.59,,1.74,3.41,1.29,0.07,,,,,4.96,5.55,0.85,,0.92,,,,,,,,,,,,,,,,,,,,,,,,,,,,,,,,,,,,,,,,,,,,,,,,,,,,,,,,,,,,,,,,,,,,,,,,,,,,
1976, [14035] ASSORGIA A. (1976),samp. 187 DB,,LIGURIA-SARDO-TYRRHENIAN ARC / SARDINIA / NORTHERN SARDINIA / MONTIFERRO,250 M SW QUOTA 255 SERRA PASSA,40.5,8.5,40.5,8.5,OUTCROP,SUBAERIAL,VOLCANIC ROCK,TRISTANITE,PORPHYRITIC,,,,,WHOLE ROCK,,,,,56.57,1.46,18.64,,,,5.44,,0.82,3.4,1.38,0.08,,,,,4.94,5.59,0.78,,0.8,,,,,,,,,,,,,,,,,,,,,,,,,,,,,,,,,,,,,,,,,,,,,,,,,,,,,,,,,,,,,,,,,,,,,,,,,,,,
,,,,,,,,,,,,,,,,,,,,,,,,,,,,,,,,,,,,,,,,,,,,,,,,,,,,,,,,,,,,,,,,,,,,,,,,,,,,,,,,,,,,,,,,,,,,,,,,,,,,,,,,,,,,,,,,,,,,,,,,
Download from GEOROC - Geochemical Database,,,,,,,,,,,,,,,,,,,,,,,,,,,,,,,,,,,,,,,,,,,,,,,,,,,,,,,,,,,,,,,,,,,,,,,,,,,,,,,,,,,,,,,,,,,,,,,,,,,,,,,,,,,,,,,,,,,,,,,,
Date of Query: Friday, April 11, 2025,,,,,,,,,,,,,,,,,,,,,,,,,,,,,,,,,,,,,,,,,,,,,,,,,,,,,,,,,,,,,,,,,,,,,,,,,,,,,,,,,,,,,,,,,,,,,,,,,,,,,,,,,,,,,,,,,,,,,,
Please note: There is a List of your Query Criteria at the End of this Sheet.,,,,,,,,,,,,,,,,,,,,,,,,,,,,,,,,,,,,,,,,,,,,,,,,,,,,,,,,,,,,,,,,,,,,,,,,,,,,,,,,,,,,,,,,,,,,,,,,,,,,,,,,,,,,,,,,,,,,,,,,
,,,,,,,,,,,,,,,,,,,,,,,,,,,,,,,,,,,,,,,,,,,,,,,,,,,,,,,,,,,,,,,,,,,,,,,,,,,,,,,,,,,,,,,,,,,,,,,,,,,,,,,,,,,,,,,,,,,,,,,,
,,,,,,,,,,,,,,,,,,,,,,,,,,,,,,,,,,,,,,,,,,,,,,,,,,,,,,,,,,,,,,,,,,,,,,,,,,,,,,,,,,,,,,,,,,,,,,,,,,,,,,,,,,,,,,,,,,,,,,,,
References:,,,,,,,,,,,,,,,,,,,,,,,,,,,,,,,,,,,,,,,,,,,,,,,,,,,,,,,,,,,,,,,,,,,,,,,,,,,,,,,,,,,,,,,,,,,,,,,,,,,,,,,,,,,,,,,,,,,,,,,,
"[635] SCHMINCKE H.-U., WEIBEL M.:   CHEMICAL STUDY OF ROCKS FROM MADEIRA, PORTO SANTO, AND SAO MIGUEL, TERCEIRA (AZORES) |  NEUES JAHRB. MINERAL. ABH. 117    [1972]  253-281 ",,,,,,,,,,,,,,,,,,,,,,,,,,,,,,,,,,,,,,,,,,,,,,,,,,,,,,,,,,,,,,,,,,,,,,,,,,,,,,,,,,,,,,,,,,,,,,,,,,,,,,,,,,,,,,,,,,,,,,,,
"[717] CORNEN G.:   IDENTIFICATION OF MAGMA SERIES FROM THE BRAZILIAN ISLAND OF FERNANDO DE NORONHA, SOUTH ATLANTIC OCEAN |  COMPT. REND. ACAD. SCI. PARIS SER. 2A 303    [1986]  1455-1460 ",,,,,,,,,,,,,,,,,,,,,,,,,,,,,,,,,,,,,,,,,,,,,,,,,,,,,,,,,,,,,,,,,,,,,,,,,,,,,,,,,,,,,,,,,,,,,,,,,,,,,,,,,,,,,,,,,,,,,,,,
"[1194] HALLIDAY A. N., DAVIDSON J. P., HOLDEN P., DEWOLF C., LEE DER-CHUEN, FITTON J. G.:   TRACE-ELEMENT FRACTIONATION IN PLUMES AND THE ORIGIN OF HIMU MANTLE BENEATH THE CAMEROON LINE |  NATURE 347    [1990]  523-528  | doi: 10.1038/347523a0",,,,,,,,,,,,,,,,,,,,,,,,,,,,,,,,,,,,,,,,,,,,,,,,,,,,,,,,,,,,,,,,,,,,,,,,,,,,,,,,,,,,,,,,,,,,,,,,,,,,,,,,,,,,,,,,,,,,,,,,
[1209] STECHER O.:   FLUORINE GEOCHEMISTRY IN VOLCANIC ROCK SERIES: EXAMPLES FROM ICELAND AND JAN MAYEN |  GEOCHIM. COSMOCHIM. ACTA 62    [1998]  3117-3130  | doi: 10.1016/S0016-7037(98)00210-5,,,,,,,,,,,,,,,,,,,,,,,,,,,,,,,,,,,,,,,,,,,,,,,,,,,,,,,,,,,,,,,,,,,,,,,,,,,,,,,,,,,,,,,,,,,,,,,,,,,,,,,,,,,,,,,,,,,,,,,,
"[1238] FITTON J. G.:   THE CAMEROON LINE, WEST AFRICA: A COMPARISON BETWEEN OCEANIC AND CONTINENTAL ALKALINE VOLCANISM |  SPEC. PUBL. GEOL. SOC. LONDON 30    [1987]  273-291  | doi: 10.1144/GSL.SP.1987.030.01.13",,,,,,,,,,,,,,,,,,,,,,,,,,,,,,,,,,,,,,,,,,,,,,,,,,,,,,,,,,,,,,,,,,,,,,,,,,,,,,,,,,,,,,,,,,,,,,,,,,,,,,,,,,,,,,,,,,,,,,,,
"[1240] LEE DER-CHUEN, HALLIDAY A. N., FITTON J. G., POLI G.:   ISOTOPIC VARIATIONS WITH DISTANCE AND TIME IN THE VOLCANIC ISLANDS OF THE CAMEROON LINE: EVIDENCE FOR A MANTLE PLUME ORIGIN |  EARTH PLANET. SCI. LETT. 123    [1994]  119-138  | doi: 10.1016/0012-821X(94)90262-3",,,,,,,,,,,,,,,,,,,,,,,,,,,,,,,,,,,,,,,,,,,,,,,,,,,,,,,,,,,,,,,,,,,,,,,,,,,,,,,,,,,,,,,,,,,,,,,,,,,,,,,,,,,,,,,,,,,,,,,,
"[1270] TROENNES R. G., PLANKE S., SUNDVOLL B., IMSLAND P.:   RECENT VOLCANIC ROCKS FROM JAN MAYEN: LOW-DEGREE MELT FRACTIONS OF ENRICHED NORTHEAST ATLANTIC MANTLE |  J. GEOPHYS. RES. B104    [1999]  7153-7168  | doi: 10.1029/1999JB900007",,,,,,,,,,,,,,,,,,,,,,,,,,,,,,,,,,,,,,,,,,,,,,,,,,,,,,,,,,,,,,,,,,,,,,,,,,,,,,,,,,,,,,,,,,,,,,,,,,,,,,,,,,,,,,,,,,,,,,,,
"[1288] ABDEL-MONEM A. A., FERNANDEZ L. A., BOONE G. M.:   K-AR AGES FROM THE EASTERN AZORES GROUP (SANTA MARIA, SAO MIGUEL, AND THE FORMIGAS ISLANDS) |  LITHOS 8    [1975]  247-254  | doi: 10.1016/0024-4937(75)90008-0",,,,,,,,,,,,,,,,,,,,,,,,,,,,,,,,,,,,,,,,,,,,,,,,,,,,,,,,,,,,,,,,,,,,,,,,,,,,,,,,,,,,,,,,,,,,,,,,,,,,,,,,,,,,,,,,,,,,,,,,
"[1314] DUNLOP H. M., FITTON J. G.:   A K-AR AND SR-ISOTOPIC STUDY OF THE VOLCANIC ISLAND OF PRINCIPE, WEST AFRICA - EVIDENCE FOR MANTLE HETEROGENEITY BENEATH THE GULF OF GUINEA |  CONTRIB. MINERAL. PETROL. 71    [1979]  125-131  | doi: 10.1007/BF00375428",,,,,,,,,,,,,,,,,,,,,,,,,,,,,,,,,,,,,,,,,,,,,,,,,,,,,,,,,,,,,,,,,,,,,,,,,,,,,,,,,,,,,,,,,,,,,,,,,,,,,,,,,,,,,,,,,,,,,,,,
"[1315] FITTON J. G., HUGHES D. J.:   PETROCHEMISTRY OF THE VOLCANIC ROCKS OF THE ISLAND OF PRINCIPE, GULF OF GUINEA |  CONTRIB. MINERAL. PETROL. 64    [1977]  257-272  | doi: 10.1007/BF00371757",,,,,,,,,,,,,,,,,,,,,,,,,,,,,,,,,,,,,,,,,,,,,,,,,,,,,,,,,,,,,,,,,,,,,,,,,,,,,,,,,,,,,,,,,,,,,,,,,,,,,,,,,,,,,,,,,,,,,,,,
"[1321] IMSLAND P.:   PETROLOGY, MINERALOGY AND EVOLUTION OF THE JAN MAYEN MAGMA SYSTEM |  VISINDAFELAG ISLENDINGA 43    [1984]  1-328 ",,,,,,,,,,,,,,,,,,,,,,,,,,,,,,,,,,,,,,,,,,,,,,,,,,,,,,,,,,,,,,,,,,,,,,,,,,,,,,,,,,,,,,,,,,,,,,,,,,,,,,,,,,,,,,,,,,,,,,,,
"[1474] BALLENTINE C. J., LEE DER-CHUEN, HALLIDAY A. N.:   HAFNIUM ISOTOPIC STUDIES OF THE CAMEROON LINE AND NEW HIMU PARADOXES |  CHEM. GEOL. 139    [1997]  111-124  | doi: 10.1016/S0009-2541(97)00028-4",,,,,,,,,,,,,,,,,,,,,,,,,,,,,,,,,,,,,,,,,,,,,,,,,,,,,,,,,,,,,,,,,,,,,,,,,,,,,,,,,,,,,,,,,,,,,,,,,,,,,,,,,,,,,,,,,,,,,,,,
"[4082] KANEKO N., YOSHIDA T., AOKI K.:   GEOCHEMICAL STUDY OF ALKALINE ROCKS FROM OKI DOZEN ISLANDS. SHIMANE PREFECTURE |  RES. REPORT LAB. NUCLEAR SCI. TOHOKU UNIV. 16    [1983]  151-159 ",,,,,,,,,,,,,,,,,,,,,,,,,,,,,,,,,,,,,,,,,,,,,,,,,,,,,,,,,,,,,,,,,,,,,,,,,,,,,,,,,,,,,,,,,,,,,,,,,,,,,,,,,,,,,,,,,,,,,,,,
"[4563] TIBA T.:   TITANIFEROUS BIOTITES AND ASSOCIATED PHENOCRYSTS IN DIKE ROCKS FROM DOZEN, OKI ISLANDS |  J. JPN. ASSOC. MINERAL. PETROL. ECON. GEOL. (GANSEKI KOBUTSU KOSHO GAKKAI-SHI) 67    [1972]  357-369  | doi: 10.2465/ganko1941.67.357",,,,,,,,,,,,,,,,,,,,,,,,,,,,,,,,,,,,,,,,,,,,,,,,,,,,,,,,,,,,,,,,,,,,,,,,,,,,,,,,,,,,,,,,,,,,,,,,,,,,,,,,,,,,,,,,,,,,,,,,
"[6776] BASU A. R., GOODWIN A. M., TATSUMOTO M.:   SM-ND STUDY OF ARCHEAN ALKALIC ROCKS FROM THE SUPERIOR PROVINCE OF THE CANADIAN SHIELD |  EARTH PLANET. SCI. LETT. 70    [1984]  40-46  | doi: 10.1016/0012-821X(84)90207-3",,,,,,,,,,,,,,,,,,,,,,,,,,,,,,,,,,,,,,,,,,,,,,,,,,,,,,,,,,,,,,,,,,,,,,,,,,,,,,,,,,,,,,,,,,,,,,,,,,,,,,,,,,,,,,,,,,,,,,,,
"[9907] STOUT M. Z., NICHOLLS J., KUNTZ M. A.:   PETROLOGICAL AND MINERALOGICAL VARIATIONS IN 2500-2000 YR B.P. LAVA FLOWS, CRATERS OF THE MOON LAVA FIELD, IDAHO |  J. PETROL. 35    [1994]  1681-1715  | doi: 10.1093/petrology/35.6.1681",,,,,,,,,,,,,,,,,,,,,,,,,,,,,,,,,,,,,,,,,,,,,,,,,,,,,,,,,,,,,,,,,,,,,,,,,,,,,,,,,,,,,,,,,,,,,,,,,,,,,,,,,,,,,,,,,,,,,,,,
"[12594] DI BATTISTINI G., MONTANINI A., ZERBI M.:   GEOCHEMISTRY OF VOLCANIC ROCKS FROM SOUTHEASTERN MONTIFERRO (WESTERN SARDINIA, ITALY) |  NEUES JAHRB. MINERAL. ABH. 162    [1990]  35-67 ",,,,,,,,,,,,,,,,,,,,,,,,,,,,,,,,,,,,,,,,,,,,,,,,,,,,,,,,,,,,,,,,,,,,,,,,,,,,,,,,,,,,,,,,,,,,,,,,,,,,,,,,,,,,,,,,,,,,,,,,
"[14035] ASSORGIA A., DI BATTISTINI G., ZERBI M.:   BASALTIC AND DIFFERENTIATED ROCKS FROM SOUTH-CENTRAL MONTIFERRO (SARDINIA) |  ATENEO PARMENSE, ACTA NAT. 12    [1976]  135-175 ",,,,,,,,,,,,,,,,,,,,,,,,,,,,,,,,,,,,,,,,,,,,,,,,,,,,,,,,,,,,,,,,,,,,,,,,,,,,,,,,,,,,,,,,,,,,,,,,,,,,,,,,,,,,,,,,,,,,,,,,
,,,,,,,,,,,,,,,,,,,,,,,,,,,,,,,,,,,,,,,,,,,,,,,,,,,,,,,,,,,,,,,,,,,,,,,,,,,,,,,,,,,,,,,,,,,,,,,,,,,,,,,,,,,,,,,,,,,,,,,,
Criteria:,,,,,,,,,,,,,,,,,,,,,,,,,,,,,,,,,,,,,,,,,,,,,,,,,,,,,,,,,,,,,,,,,,,,,,,,,,,,,,,,,,,,,,,,,,,,,,,,,,,,,,,,,,,,,,,,,,,,,,,,
QUERY - BY - PETROGRAPHY: -  - - - VOLCANIC - ROCKS - - - TRISTANIT.../ - - - SAMPLE - CRITERIA - (COMBINED - WITH - OR): - - - MINERAL - / - COMPONENT: - AMPHIBOLE - / - ANORTHOCLASE - / - APATITE - / - BIOTITE - / - CLINOPYROXENE - / - FELDSPAR - / - ILMENITE - / - MAGHEMITE - / - MAGNETITE - / - OLIVINE - / - OXIDES/OPAQUES - / - PLAGIOCLASE - / - PYROXENE - / - SPINEL - - - SAMPLE - NAME: - 127 - DB - / - 149 - DB - / - 158 - DB - / - 158DB1 - / - 171 - DB - / - 171DB - / - 187 - DB - / - 187DB - / - 189 - DB -  - / - 189DB - / - 191 - DB - / - 191DB - / - 192 - DB - / - 197 - DB - / - 197DB - / - 57-A - / - 70 - / - 81073011 - / - 81080325 - / - 82 - / - 920-A - / - 92DB - / - A904 - / - A908 - / - A909 - / - A910 - / - ASM23 - / - ASM8 - / - DZ-173 - / - DZ-200 - / - DZ-250 - / - FN17 - / - HY1 - / - JAN175 - / - JAN37 - / - JAN-37 - / - JAN70 - / - JAN-70 - / - JAN71 - / - JAN-71 - / - JAN82 - / - JAN-82 - / - JAN89 - / - JAN-89 - / - P12 - / - P13 - / - SE1 - / - SE2 - - - SAMPLING - TECHNIQUE: - OUTCROP - - - ROCK - TYPE: - VOLCANIC - ROCK - - - LAND/SEA - (SAMPLING): - SUBAERIAL - - - ROCK - NAME: - TRISTANITE - - - TYPE - OF - MATERIAL: - MINERAL - / - COMPONENT - (INCL. - GROUNDMASS) - / - WHOLE - ROCK - - - CRYSTAL: - GROUNDMASS - / - MEGACRYST - / - MICROPHENOCRYST - / - PHENOCRYST - - - RIM - / - CORE - (MINERAL - GRAINS): - CORE - / - INTERMEDIATE - ZONE - / - RIM - ,,,,,,,,,,,,,,,,,,,,,,,,,,,,,,,,,,,,,,,,,,,,,,,,,,,,,,,,,,,,,,,,,,,,,,,,,,,,,,,,,,,,,,,,,,,,,,,,,,,,,,,,,,,,,,,,,,,,,,,,
